Title,Link
台企不知情 爆炸案再曝布局10年,https://tw.news.yahoo.com/%E7%9C%9F%E4%B8%BB%E9%BB%A8%E9%80%9A%E8%A8%8A%E8%A3%9D%E7%BD%AE%E9%80%A3%E7%92%B0%E7%88%86%E6%A1%88-%E5%89%8D%E4%BB%A5%E8%89%B2%E5%88%97%E6%83%85%E5%A0%B1%E4%BA%BA%E5%93%A1%E6%8A%AB%E9%9C%B2%E6%96%B0%E7%B4%B0%E7%AF%80-092505166.html
每天騙逾4億 被酸最賺錢行業,https://tw.news.yahoo.com/%E5%85%A8%E5%8F%B0%E6%9C%80%E8%B3%BA%E9%8C%A2%E8%A1%8C%E6%A5%AD-%E8%A9%90%E9%A8%99-%E5%A4%A9%E9%87%91%E9%A1%8D%E9%AB%98%E9%81%944-2%E5%84%84-043958883.html
開箱「桌上型苔蘚」惹議 掀論戰,https://tw.news.yahoo.com/%E9%96%8B%E7%AE%B1-%E6%A1%8C%E4%B8%8A%E5%9E%8B%E8%8B%94%E8%98%9A-%E9%81%AD%E7%96%91%E9%81%95%E6%B3%95%E9%80%B2%E5%8F%A3-ytr%E8%87%B4%E6%AD%89%E8%AA%8D%E7%84%A1%E6%B3%95100-%E7%A2%BA%E8%AA%8D%E4%BE%86%E6%BA%90-074717675.html
輝達首個海外總部 傳落腳南港,https://tw.news.yahoo.com/%E8%BC%9D%E9%81%94%E9%A6%96%E5%80%8B%E6%B5%B7%E5%A4%96%E7%B8%BD%E9%83%A8%E5%82%B3%E8%A8%AD%E5%9D%80%E5%8D%97%E6%B8%AF-%E5%8C%97%E5%B8%82%E5%BA%9C%EF%BC%9A%E5%85%A8%E5%8A%9B%E5%8D%94%E5%8A%A9%E4%BF%83%E6%88%90-085740885.html
房東乘勢漲3成 店家無奈撤出,https://tw.news.yahoo.com/%E5%A4%A7%E5%B7%A8%E8%9B%8B%E6%8E%80%E6%9D%B1%E5%8D%80%E5%BA%97%E9%9D%A2%E6%BC%B2%E5%83%B9%E6%BD%AE-%E5%8F%A3%E6%B0%A3%E6%BC%B23%E6%88%90-%E5%BA%97%E5%AE%B6%E6%89%9B%E4%B8%8D%E4%BD%8F%E4%BA%86-060304858.html
差47歲！甲骨文創辦人娶33歲妻,https://tw.news.yahoo.com/80%E6%AD%B2%E7%94%B2%E9%AA%A8%E6%96%87%E5%89%B5%E8%BE%A6%E4%BA%BA%E5%A8%B6%E4%BA%86%E5%B9%B4%E7%B4%80%E4%B8%8D%E5%88%B0-%E5%8D%8A%E4%B8%AD%E5%9C%8B%E5%AB%A9%E5%A6%BB-%E5%87%BA%E8%BA%AB%E6%A5%B5%E5%BA%A6%E7%A5%9E%E7%A7%98-114701180.html
助理教授倒臥浴室亡 校方悲痛,https://tw.news.yahoo.com/%E9%9D%9C%E5%AE%9C%E5%8A%A9%E7%90%86%E6%95%99%E6%8E%88%E7%96%91-%E6%B0%A7%E5%8C%96%E7%A2%B3%E4%B8%AD%E6%AF%92%E4%BA%A1-%E4%BB%96%E5%88%B0%E9%A0%82%E5%8A%A0%E6%B4%97%E6%BE%A1%E9%99%B3%E5%B1%8D%E6%B5%B4%E5%AE%A4-%E5%AD%B8%E9%9C%B8%E8%83%8C%E6%99%AF%E6%9B%9D%E5%85%89-%E6%A0%A1%E6%96%B9%E9%9C%87%E9%A9%9A%E6%82%B2%E7%97%9B-102048850.html
本田、日產協商合併 三菱表態,https://tw.news.yahoo.com/%E6%97%A5%E6%9C%AC%E6%B1%BD%E8%BB%8A%E5%BB%A0%E6%9C%AC%E7%94%B0-%E6%97%A5%E7%94%A2%E5%8D%94%E5%95%86%E5%90%88%E4%BD%B5-%E8%8B%A5%E9%A0%86%E5%88%A9%E5%B0%87%E6%88%90%E5%85%A8%E7%90%83%E7%AC%AC3%E5%A4%A7%E6%B1%BD%E8%BB%8A%E9%9B%86%E5%9C%98-073408650.html
綠批財劃法修法為綁樁 藍嗆換位子換腦袋,https://tw.news.yahoo.com/%E7%B6%A0%E6%89%B9%E8%B2%A1%E5%8A%83%E6%B3%95%E4%BF%AE%E6%B3%95%E7%82%BA%E9%81%B8%E8%88%89%E7%B6%81%E6%A8%81-%E8%97%8D-%E6%8F%9B%E4%BD%8D%E5%AD%90%E5%B0%B1%E6%8F%9B%E8%85%A6%E8%A2%8B-062034791.html
議員喊分配款不公 盧秀燕：雖不多但會珍惜,https://tw.news.yahoo.com/%E8%B2%A1%E5%8A%83%E6%B3%95%E4%BF%AE%E6%AD%A3%E5%8F%B0%E4%B8%AD%E6%8B%BF262%E5%84%84%E9%A4%98%E5%85%83-%E7%9B%A7%E7%A7%80%E7%87%95-%E9%9B%96%E4%B8%8D%E5%A4%9A%E4%BD%86%E6%9C%83%E7%8F%8D%E6%83%9C-065023703.html
本日焦點／101股東撤資？賈永婕認飛日談事,https://tw.stock.yahoo.com/news/101%E6%9C%80%E5%A4%A7%E8%82%A1%E6%9D%B1%E4%BC%8A%E8%97%A4%E5%BF%A0%E8%A6%81%E6%92%A4%E8%B3%87%EF%BC%9F%E8%B3%88%E6%B0%B8%E5%A9%95%E8%AD%89%E5%AF%A6%E4%B8%8A%E5%91%A8%E6%80%A5%E9%A3%9B%E6%97%A5%E6%9C%AC%E6%B4%BD%E5%95%86-024948903.html
實用知識／健保停復保制走入歷史 新制影響一次看,https://tw.news.yahoo.com/%E5%81%A5%E4%BF%9D%E5%81%9C%E5%BE%A9%E4%BF%9D1223%E5%BB%A2%E6%AD%A2%EF%BC%81%E5%81%A5%E4%BF%9D%E5%81%9C%E5%BE%A9%E4%BF%9D%E6%96%B0%E5%88%B6%E3%80%81%E5%BD%B1%E9%9F%BF6%E5%A4%A7qa%E4%B8%80%E6%AC%A1%E7%9C%8B-095603090.html
餐廳收2星負評 客抱怨：女友一直偷看帥老闆,https://tw.news.yahoo.com/%E6%97%A5%E5%BC%8F%E6%96%99%E7%90%86%E5%BA%97%E9%81%AD%E5%AE%A2%E8%A9%952%E6%98%9F-%E5%8E%9F%E5%9B%A0%E6%9B%9D%E5%85%89-%E5%A5%B3%E5%8F%8B%E8%AE%9A%E8%80%81%E9%97%86%E5%B8%A5-051500060.html
女廁爆滿強闖男廁 他報警⋯貼文掀熱議,https://tw.news.yahoo.com/%E6%96%B0%E5%8C%97%E8%80%B6%E8%AA%95%E5%9F%8E%E5%A5%B3%E5%BB%81%E7%88%86%E6%BB%BF-%E5%A5%B9%E5%80%91%E5%BC%B7%E9%97%96%E7%94%B7%E5%BB%81-%E7%94%B7%E6%B0%A3%E5%88%B0%E9%98%BB%E6%93%8B-%E5%A0%B1%E8%AD%A6%E6%96%87%E8%A2%AB%E8%AE%9A%E7%88%86-223617209.html
年輕人不願來？公務員歎：新人大多4、50歲,https://tw.news.yahoo.com/%E5%A4%AA%E9%A9%9A%E4%BA%BA-%E5%A4%A7%E5%AD%B8%E6%87%89%E5%B1%86%E7%94%9F%E4%B8%8D%E8%A6%8B%E4%BA%86-%E7%8F%BE%E4%BB%BB%E5%85%AC%E5%8B%99%E5%93%A1%E5%98%86-%E6%96%B0%E4%BA%BA%E5%A4%A7%E9%83%A8%E5%88%86%E9%83%BD4-50%E6%AD%B2-173800467.html
酒測「英熙娃娃」高雄警宣導哏圖被讚翻,https://tw.news.yahoo.com/%E9%85%92%E6%B8%AC%E8%8B%B1%E7%86%99-%E9%AB%98%E9%9B%84%E8%AD%A6%E7%99%BC%E6%A2%97%E5%9C%96%E9%98%B2%E5%88%B6%E9%85%92%E9%A7%95-%E7%B6%B2%E7%A5%9E%E5%9B%9E-%E8%80%81%E5%A8%98%E9%83%BD%E6%B3%A1%E5%9C%A8%E6%B0%B4%E8%A3%A1%E4%BA%86%E9%82%84%E5%90%B9-044700715.html
昔創港星首例 劉嘉玲開庭照曝,https://tw.news.yahoo.com/%E5%8A%89%E5%98%89%E7%8E%B231%E5%B9%B4%E5%89%8D%E4%B8%8A%E6%B5%B7%E6%B3%95%E9%99%A2-%E5%8E%9F%E5%91%8A-%E7%85%A7%E7%89%87%E6%9B%9D%E5%85%89-%E6%88%90%E6%B8%AF%E6%98%9F%E7%AC%AC-%E4%BA%BA-081413275.html
季芹曬帥兒 網讚五官神複製,https://tw.news.yahoo.com/%E7%8E%8B%E4%BB%81%E7%94%AB16%E6%AD%B2%E5%B8%A5%E5%85%92%E8%BF%91%E7%85%A7%E6%9B%9D%E5%85%89-%E9%A1%8F%E5%80%BC%E7%A5%9E%E8%A4%87%E8%A3%BD-%E7%B6%B2%E6%BF%80%E8%AE%9A-%E5%9F%BA%E5%9B%A0%E5%A4%AA%E5%A5%BD-043000933.html
簡廷芮兒小腦炎 曝煎熬15天,https://tw.news.yahoo.com/%E4%BD%8F%E9%99%A215%E5%A4%A9-%E7%B0%A1%E5%BB%B7%E8%8A%AE%E8%AD%89%E5%AF%A6-%E5%85%92%E5%AD%90%E7%A2%BA%E8%A8%BA%E5%B0%8F%E8%85%A6%E7%82%8E-%E7%84%A1%E6%B3%95%E8%B5%B0%E8%B7%AF-%E5%BF%83%E7%96%BC%E6%8F%AD%E6%9C%80%E6%96%B0%E7%97%85%E6%B3%81-115200759.html
曾打聽林襄 城城：有禮貌的人,https://tw.news.yahoo.com/%E6%9B%BE%E5%9C%8B%E5%9F%8E%E8%AA%8D%E4%BA%86%E6%89%93%E8%81%BD%E6%9E%97%E8%A5%84-%E8%AB%87-%E7%84%A1%E7%A6%AE%E4%BD%94%E4%BD%8D-%E9%A2%A8%E6%B3%A2-%E5%B0%8F%E9%A1%8C%E5%A4%A7%E4%BD%9C-103200243.html
中國拒絕瑞典檢方登上「伊鵬3號」調查,https://tw.news.yahoo.com/%E4%B8%AD%E5%9C%8B%E6%8B%92%E7%B5%95%E7%91%9E%E5%85%B8%E6%AA%A2%E6%96%B9%E7%99%BB%E4%B8%8A-%E4%BC%8A%E9%B5%AC3%E8%99%9F-%E8%AA%BF%E6%9F%A5-153300732.html
美國宣布對中國傳統芯片展開貿易調查,https://tw.news.yahoo.com/%E7%BE%8E%E5%9C%8B%E5%AE%A3%E5%B8%83%E5%B0%8D%E4%B8%AD%E5%9C%8B%E5%82%B3%E7%B5%B1%E8%8A%AF%E7%89%87%E5%B1%95%E9%96%8B%E8%B2%BF%E6%98%93%E8%AA%BF%E6%9F%A5-151200100.html
不想「斷氣」： 斯洛伐克總理突訪莫斯科,https://tw.news.yahoo.com/%E4%B8%8D%E6%83%B3-%E6%96%B7%E6%B0%A3-%E6%96%AF%E6%B4%9B%E4%BC%90%E5%85%8B%E7%B8%BD%E7%90%86%E7%AA%81%E8%A8%AA%E8%8E%AB%E6%96%AF%E7%A7%91-150100263.html
陸代購知名超市蛋糕　竟直接放「蹲廁地板」分裝！她目睹全程反胃,https://tw.news.yahoo.com/%E9%99%B8%E4%BB%A3%E8%B3%BC%E7%9F%A5%E5%90%8D%E8%B6%85%E5%B8%82%E8%9B%8B%E7%B3%95-%E7%AB%9F%E7%9B%B4%E6%8E%A5%E6%94%BE-%E8%B9%B2%E5%BB%81%E5%9C%B0%E6%9D%BF-%E5%88%86%E8%A3%9D-%E5%A5%B9%E7%9B%AE%E7%9D%B9%E5%85%A8%E7%A8%8B%E5%8F%8D%E8%83%83-144639659.html
TVBS《T觀點》宣告「單集碳中和」達標　樹立媒體ESG實踐新標竿,https://tw.news.yahoo.com/tvbs-t%E8%A7%80%E9%BB%9E-%E5%AE%A3%E5%91%8A-%E5%96%AE%E9%9B%86%E7%A2%B3%E4%B8%AD%E5%92%8C-%E9%81%94%E6%A8%99-023159047.html
愚不可集專欄／青鳥下滑後　賴清德「更大民主」的四條路　恐更難走,https://tw.news.yahoo.com/%E6%84%9A%E4%B8%8D%E5%8F%AF%E9%9B%86%E5%B0%88%E6%AC%84-%E9%9D%92%E9%B3%A5%E4%B8%8B%E6%BB%91%E5%BE%8C-%E8%B3%B4%E6%B8%85%E5%BE%B7-%E6%9B%B4%E5%A4%A7%E6%B0%91%E4%B8%BB-%E7%9A%84%E5%9B%9B%E6%A2%9D%E8%B7%AF-021000063.html
風評：鷹派降息是川普震盪序曲，但聯準會不會變鷹派,https://tw.news.yahoo.com/%E9%A2%A8%E8%A9%95-%E9%B7%B9%E6%B4%BE%E9%99%8D%E6%81%AF%E6%98%AF%E5%B7%9D%E6%99%AE%E9%9C%87%E7%9B%AA%E5%BA%8F%E6%9B%B2-%E4%BD%86%E8%81%AF%E6%BA%96%E6%9C%83%E4%B8%8D%E6%9C%83%E8%AE%8A%E9%B7%B9%E6%B4%BE-235001068.html
工商社論》G2中產階級萎縮的隱憂,https://tw.stock.yahoo.com/news/%E5%B7%A5%E5%95%86%E7%A4%BE%E8%AB%96-g2%E4%B8%AD%E7%94%A2%E9%9A%8E%E7%B4%9A%E8%90%8E%E7%B8%AE%E7%9A%84%E9%9A%B1%E6%86%82-201000852.html
獨／堵爭議三法！賴清德擬亮出最終王牌,https://tw.news.yahoo.com/%E7%8D%A8-%E5%A0%B5%E7%88%AD%E8%AD%B0%E4%B8%89%E6%B3%95-%E8%B3%B4%E6%B8%85%E5%BE%B7%E6%93%AC%E4%BA%AE%E5%87%BA%E6%9C%80%E7%B5%82%E7%8E%8B%E7%89%8C-092243286.html
徐乃麟開箱Toyz火鍋店！說重話批評「咬下去沒熱度」：下次要熱騰騰端來,https://tw.news.yahoo.com/%E5%BE%90%E4%B9%83%E9%BA%9F%E9%96%8B%E7%AE%B1toyz%E7%81%AB%E9%8D%8B%E5%BA%97-%E8%AA%AA%E9%87%8D%E8%A9%B1%E6%89%B9%E8%A9%95-%E5%92%AC%E4%B8%8B%E5%8E%BB%E6%B2%92%E7%86%B1%E5%BA%A6-%E4%B8%8B%E6%AC%A1%E8%A6%81%E7%86%B1%E9%A8%B0%E9%A8%B0%E7%AB%AF%E4%BE%86-180100438.html
大法官同意案民眾黨成關鍵　醫師建議白營投這位：給黃珊珊和司法界面子,https://tw.news.yahoo.com/%E5%A4%A7%E6%B3%95%E5%AE%98%E5%90%8C%E6%84%8F%E6%A1%88%E6%B0%91%E7%9C%BE%E9%BB%A8%E6%88%90%E9%97%9C%E9%8D%B5-%E9%86%AB%E5%B8%AB%E5%BB%BA%E8%AD%B0%E7%99%BD%E7%87%9F%E6%8A%95%E9%80%99%E4%BD%8D-%E7%B5%A6%E9%BB%83%E7%8F%8A%E7%8F%8A%E5%92%8C%E5%8F%B8%E6%B3%95%E7%95%8C%E9%9D%A2%E5%AD%90-174300764.html
曾之喬要生了！巨肚現形不忘交換禮物　證實「和寶寶過甜蜜聖誕」,https://tw.news.yahoo.com/%E6%9B%BE%E4%B9%8B%E5%96%AC%E8%A6%81%E7%94%9F%E4%BA%86-%E5%B7%A8%E8%82%9A%E7%8F%BE%E5%BD%A2%E4%B8%8D%E5%BF%98%E4%BA%A4%E6%8F%9B%E7%A6%AE%E7%89%A9-%E8%AD%89%E5%AF%A6-%E5%92%8C%E5%AF%B6%E5%AF%B6%E9%81%8E%E7%94%9C%E8%9C%9C%E8%81%96%E8%AA%95-172300786.html
唐綺陽突示警有「天災人禍」　籲做好準備：不是要危言聳聽,https://tw.news.yahoo.com/%E5%94%90%E7%B6%BA%E9%99%BD%E7%AA%81%E7%A4%BA%E8%AD%A6%E6%9C%89-%E5%A4%A9%E7%81%BD%E4%BA%BA%E7%A6%8D-%E7%B1%B2%E5%81%9A%E5%A5%BD%E6%BA%96%E5%82%99-%E4%B8%8D%E6%98%AF%E8%A6%81%E5%8D%B1%E8%A8%80%E8%81%B3%E8%81%BD-093531080.html
安芝儇超正親姊姊「正臉畫面」曝！　小安酸：她不知道我在台灣有多紅,https://tw.news.yahoo.com/%E5%AE%89%E8%8A%9D%E5%84%87%E8%B6%85%E6%AD%A3%E8%A6%AA%E5%A7%8A%E5%A7%8A-%E6%AD%A3%E8%87%89%E7%95%AB%E9%9D%A2-%E6%9B%9D-%E5%B0%8F%E5%AE%89%E9%85%B8-%E5%A5%B9%E4%B8%8D%E7%9F%A5%E9%81%93%E6%88%91%E5%9C%A8%E5%8F%B0%E7%81%A3%E6%9C%89%E5%A4%9A%E7%B4%85-164500884.html
曝監院要羈押中的柯文哲「親自補交」政治獻金帳目　周榆修：這國家瘋了,https://tw.news.yahoo.com/%E6%9B%9D%E7%9B%A3%E9%99%A2%E8%A6%81%E7%BE%88%E6%8A%BC%E4%B8%AD%E7%9A%84%E6%9F%AF%E6%96%87%E5%93%B2-%E8%A6%AA%E8%87%AA%E8%A3%9C%E4%BA%A4-%E6%94%BF%E6%B2%BB%E7%8D%BB%E9%87%91%E5%B8%B3%E7%9B%AE-%E5%91%A8%E6%A6%86%E4%BF%AE-%E9%80%99%E5%9C%8B%E5%AE%B6%E7%98%8B%E4%BA%86-164001040.html
理財最前線／ASIC滲透率預估達15%台廠如何布局,https://tw.news.yahoo.com/%E7%90%86%E8%B2%A1%E6%9C%80%E5%89%8D%E7%B7%9A-asic%E6%BB%B2%E9%80%8F%E7%8E%87%E9%A0%90%E4%BC%B0%E9%81%9415-%E5%8F%B0%E5%BB%A0%E5%A6%82%E4%BD%95%E5%B8%83%E5%B1%80-152457448.html
Google已大規模裁員！至少10%高階主管失業,https://tw.news.yahoo.com/google%E5%B7%B2%E5%A4%A7%E8%A6%8F%E6%A8%A1%E8%A3%81%E5%93%A1-%E8%87%B3%E5%B0%9110-%E9%AB%98%E9%9A%8E%E4%B8%BB%E7%AE%A1%E5%A4%B1%E6%A5%AD-163210703.html
今年檢查都正常！56歲男急性腎損傷　竟是每天3餐吃「1食物」害的,https://tw.news.yahoo.com/%E4%BB%8A%E5%B9%B4%E6%AA%A2%E6%9F%A5%E9%83%BD%E6%AD%A3%E5%B8%B8-56%E6%AD%B2%E7%94%B7%E6%80%A5%E6%80%A7%E8%85%8E%E6%90%8D%E5%82%B7-%E7%AB%9F%E6%98%AF%E6%AF%8F%E5%A4%A93%E9%A4%90%E5%90%83-1%E9%A3%9F%E7%89%A9-%E5%AE%B3%E7%9A%84-120434786.html
清朝好色首富晚年淒涼告誡子孫：勿近白虎！,https://tw.news.yahoo.com/%E6%B8%85%E6%9C%9D%E5%A5%BD%E8%89%B2%E9%A6%96%E5%AF%8C%E6%99%9A%E5%B9%B4%E6%B7%92%E6%B6%BC%E5%91%8A%E8%AA%A1%E5%AD%90%E5%AD%AB-%E5%8B%BF%E8%BF%91%E7%99%BD%E8%99%8E-121400643.html
太驚人！「大學應屆生不見了」現任公務員嘆：新人大部分都4、50歲,https://tw.news.yahoo.com/%E5%A4%AA%E9%A9%9A%E4%BA%BA-%E5%A4%A7%E5%AD%B8%E6%87%89%E5%B1%86%E7%94%9F%E4%B8%8D%E8%A6%8B%E4%BA%86-%E7%8F%BE%E4%BB%BB%E5%85%AC%E5%8B%99%E5%93%A1%E5%98%86-%E6%96%B0%E4%BA%BA%E5%A4%A7%E9%83%A8%E5%88%86%E9%83%BD4-50%E6%AD%B2-173800467.html
高鐵出現「超巨行李」堵死門！震驚全網 高鐵回應了,https://tw.news.yahoo.com/%E9%AB%98%E9%90%B5%E5%87%BA%E7%8F%BE-%E8%B6%85%E5%B7%A8%E8%A1%8C%E6%9D%8E-%E5%A0%B5%E6%AD%BB%E9%96%80-%E9%9C%87%E9%A9%9A%E5%85%A8%E7%B6%B2-%E9%AB%98%E9%90%B5%E5%9B%9E%E6%87%89%E4%BA%86-024111395.html
尚無理論解釋！　鄭明典曬1圖：氣候狀態似乎回不去了,https://tw.news.yahoo.com/%E5%B0%9A%E7%84%A1%E7%90%86%E8%AB%96%E8%A7%A3%E9%87%8B-%E9%84%AD%E6%98%8E%E5%85%B8%E6%9B%AC1%E5%9C%96-%E6%B0%A3%E5%80%99%E7%8B%80%E6%85%8B%E4%BC%BC%E4%B9%8E%E5%9B%9E%E4%B8%8D%E5%8E%BB%E4%BA%86-121131802.html
13歲女、孫遭誘拐蒸發！父心碎求助　失聯2天在山區找到了,https://tw.news.yahoo.com/13%E6%AD%B2%E5%A5%B3-%E5%AD%AB%E9%81%AD%E8%AA%98%E6%8B%90%E8%92%B8%E7%99%BC-%E7%88%B6%E5%BF%83%E7%A2%8E%E6%B1%82%E5%8A%A9-%E5%A4%B1%E8%81%AF2%E5%A4%A9%E5%9C%A8%E5%B1%B1%E5%8D%80%E6%89%BE%E5%88%B0%E4%BA%86-023523256.html
與吳奇隆爆婚變！ 劉詩詩不忍出手 秒登微博熱搜,https://tw.news.yahoo.com/%E8%88%87%E5%90%B3%E5%A5%87%E9%9A%86%E7%88%86%E5%A9%9A%E8%AE%8A-%E5%8A%89%E8%A9%A9%E8%A9%A9%E4%B8%8D%E5%BF%8D%E5%87%BA%E6%89%8B-%E7%A7%92%E7%99%BB%E5%BE%AE%E5%8D%9A%E7%86%B1%E6%90%9C-133200332.html
新北耶誕城女廁爆滿！她們強闖男廁 男氣到阻擋「報警文被讚爆」,https://tw.news.yahoo.com/%E6%96%B0%E5%8C%97%E8%80%B6%E8%AA%95%E5%9F%8E%E5%A5%B3%E5%BB%81%E7%88%86%E6%BB%BF-%E5%A5%B9%E5%80%91%E5%BC%B7%E9%97%96%E7%94%B7%E5%BB%81-%E7%94%B7%E6%B0%A3%E5%88%B0%E9%98%BB%E6%93%8B-%E5%A0%B1%E8%AD%A6%E6%96%87%E8%A2%AB%E8%AE%9A%E7%88%86-223617209.html
不副署、解散國會擋3法？沈富雄大膽預言「民進黨下一步」,https://tw.news.yahoo.com/%E4%B8%8D%E5%89%AF%E7%BD%B2-%E8%A7%A3%E6%95%A3%E5%9C%8B%E6%9C%83%E6%93%8B3%E6%B3%95-%E6%B2%88%E5%AF%8C%E9%9B%84%E5%A4%A7%E8%86%BD%E9%A0%90%E8%A8%80-%E6%B0%91%E9%80%B2%E9%BB%A8%E4%B8%8B-%E6%AD%A5-235127767.html
