,Topic,Link,Content
0,「協尋包包送2輛保時捷」警出手,https://tw.news.yahoo.com/%E5%BC%84%E4%B8%9F600%E8%90%AC%E5%85%A8%E7%B6%B2%E5%8D%94%E5%B0%8B-%E7%A5%AD%E5%87%BA-2%E8%BC%9B%E4%BF%9D%E6%99%82%E6%8D%B7-20%E8%90%AC-%E7%A6%AE%E5%8C%85-125257831.html,"[周刊王CTWANT] 網路上廣告越來越誇張！最近社群平台Threads瘋傳一張照片，有高雄民眾自稱弄丟裝有600萬元的黑色行李袋，請全網幫忙找，還祭出送保時捷和20萬元的謝禮，引發熱烈討論。不過在警方追查後，拆穿是賣車廣告，貼文的業者恐怕因為散布謠言，將依法被開罰。
近日社群平台Threads瘋傳一張協尋行李袋的圖片，內容指出失主在9日晚間6時許，在高雄市苓雅區五塊厝捷運站附近遺失一個黑色行李袋，裡面裝有新台幣600萬元現金，請有經過此路段找到行李袋的人能歸還；失主還表示會將2部保時捷「免費過戶」，另外還有20萬元紅包當酬謝。
這篇全網協尋貼文立刻在網上瘋傳，網友也好奇甚至想起身行動找行李袋。不過高雄苓雅警方很快聯絡到貼文者，一問之下才知道協尋文只是賣車廣告，PO文的業者已經到案說明；警方指出，全案將依違反社會秩序維護法第63條第1項第5款，「散佈謠言，足以影響公共之安寧者」，處3日以下拘留或3萬元以下罰鍰。
針對此事件，苓雅分局也呼籲大眾，業者打廣告用創意吸引消費者注意，仍需留意相關規定，貼文內容影響公共安寧恐觸法，切勿以身試法，避免違法受罰。
原始連結
"
1,進待轉區要打方向燈？交部解答,https://tw.news.yahoo.com/%E6%A9%9F%E8%BB%8A%E9%80%B2%E5%BE%85%E8%BD%89%E5%8D%80%E8%A6%81%E6%89%93%E6%96%B9%E5%90%91%E7%87%88-%E5%85%A9%E6%B4%BE%E4%BA%BA%E5%90%B5%E7%BF%BB-%E4%BA%A4%E9%80%9A%E9%83%A8%E7%B5%A6%E6%AD%A3%E8%A7%A3-234301088.html,"原PO近日於Dcard指出，上周一（4日）下班騎車回家，在一個大路口要往待轉區，她騎進待轉區的右側，遭後方要進入待轉區的機車騎士破口大罵，「小姐，打方向燈好嗎？為什麼不打？」她感到非常委屈，「進入待轉區本來就不需要打方向燈，好嗎？」
貼文激起機車族熱議，「我還是會打，因為妳不會知道路上的人，是不是正常人」、「之前去考駕照有特別問考官，他說不用打」、「當初我上駕訓班，就規定要打方向燈」、「看過一堆要待轉，然後打左邊方向燈的三寶」。
交通部曾表示，機車進入待轉區只需減速並顯示煞車燈，不需要打方向燈。另根據《道路交通安全規則》第91條及第94條，煞車燈是減速訊號，方向燈是變換車道的時使用。
"
2,屏東惡火 男疑為救貓回火場身亡,https://tw.news.yahoo.com/%E5%B1%8F%E6%9D%B1%E5%B8%82%E9%80%8F%E5%A4%A9%E5%8E%9D%E7%81%AB%E8%AD%A66%E5%82%B71%E6%AD%BB-%E7%94%B7%E5%AD%90%E7%96%91%E7%82%BA%E6%95%91%E8%B2%93%E5%9B%9E%E7%81%AB%E5%A0%B4%E9%80%81%E9%86%AB%E4%B8%8D%E6%B2%BB-004918987.html,"屏東縣政府消防局表示，起火地點為連棟透天厝，共救出2戶7人，其中6人嗆傷、意識清楚，1人OHCA（到院前心肺功能停止），送往寶建醫院急救仍不治。
消防局指出，發生火警透天厝吳姓1家4口，消防到場時吳父已脫困，其妻與2子在頂樓待援，吳父告訴消防人員，30歲二兒子疑為救貓，待援時衝回火場；消防人員後續在3樓房間陽台發現吳家二兒子，OHCA送醫不治。
消防局表示，連棟透天隔壁棟1戶3名民眾，皆濃煙嗆傷但意識清楚，已送醫。
消防局今天凌晨4時20分接獲屏東市崇明四街一棟透天厝5樓火警，派遣屏東、屏二、麟洛、長治、特搜、九如、萬丹及第一大隊，共計出動19車38人；火勢於5時33分撲滅，確切起火原因後續交由火調人員調查。
"
3,川普未邀入閣 蓬佩奧、海利回應,https://tw.news.yahoo.com/%E5%B7%9D%E6%99%AE%E6%84%9F%E8%AC%9D%E8%B2%A2%E7%8D%BB%E5%8D%BB%E6%9C%AA%E9%82%80%E5%85%A5%E9%96%A3-%E9%BE%90%E5%9F%B9%E6%AD%90-%E6%B5%B7%E8%8E%89%E6%9C%80%E6%96%B0%E5%9B%9E%E6%87%89%E6%9B%9D%E5%85%89-010200266.html,"即時中心／梁博超報導
川普昨日在「真實社群」（Truth Social）表示，將不會邀請前國務卿龐培歐和前駐聯大使海莉兩人入閣；川普指出，自己非常喜歡、並感謝過去曾與他們合作過，也謝謝兩人為國家的付出。
川普貼文一出，旋即引發多方議論。龐培歐在Ｘ發文回應，表示自己也很榮幸曾與川普共事，「正如你所說，當我們上週在一起時，你和我制定了一個使世界變得更安全、且不會導致新戰爭的計劃。」他也呼應川普，強調美國堅決地拒絕「拜登-哈里斯」的外交政策，「我們有責任再次把美國放在第一位」。
海莉也發文指出，她很自豪能夠與川普一起在聯合國捍衛美國。「我祝福他和所有為國效力的人，在未來4年任期裡能取得巨大成功，推動我們邁向一個更強大、更安全的美國。」
"
4,恐出現「4颱鼎立」氣象署提醒,https://tw.news.yahoo.com/%E9%A2%B1%E9%A2%A8%E5%A4%A9%E5%85%94%E5%B0%87%E7%94%9F%E6%88%90%E3%80%8C%E5%8F%AF%E8%83%BD%E5%87%BA%E7%8F%BE%E5%9B%9B%E9%A2%B1%E9%BC%8E%E7%AB%8B%E3%80%8D%EF%BC%81%E4%BB%8A%E6%9D%B1%E5%8C%97%E5%AD%A3%E9%A2%A8%E5%A2%9E%E5%BC%B7%E5%8C%97%E6%9D%B1%E8%BD%89%E9%9B%A8-233651049.html,"中央氣象署表示，今天（11日）東北季風增強，北東轉雨，明天天氣如何？氣象署指出，明天到周三清晨（12日到13日）東北季風及桔梗颱風外圍雲系影響，各地陰雨，周三到周四（13到14日）水氣減少、氣溫回升，周五起（15日）水氣再增，降雨程度將視熱帶性低氣壓TD29走勢而定；目前太平洋地區有三個颱風桔梗、萬宜、銀杏，和一個熱帶性低氣壓TD29，雖然可能面對四颱鼎立的局面，但重點應放在桔梗、TD29上。
目前太平洋地區有三個颱風，和一個熱帶性低氣壓，包括中度颱風桔梗、輕度颱風萬宜、輕度颱風銀杏，以及熱帶性低氣壓TD29。雖然可能面對四颱鼎立的局面，但第24號颱風萬宜、第22號颱風銀杏對台灣已經沒有影響，重點應放在另外兩個熱帶系統TD29、第23號颱風桔梗上。
第23號颱風「桔梗」，清晨2時位於鵝鑾鼻南南東方740公里之海面上，朝西北西轉西北方向前進，今天會通過呂宋島，周二、周三進入南海，直接影響台灣機率低，不過其外圍雲系周二至周三清晨會讓台灣附近水氣增多；至於關島南方海面的熱帶性低氣壓，未來有發展為輕度颱風「天兔」的趨勢，向西北西方向移動，短期內對台灣天氣沒有影響，後續動向不確定性大，請留意最新天氣預報；位於南海的第22號颱風「銀杏」，未來朝越南移動，而位於關島東北東方海面的第24號颱風「萬宜」，未來移動到關島附近後將減弱為熱帶性低氣壓，這兩個颱風對台灣天氣都沒有影響。
東北季風影響，今日基隆北海岸及台北山區有局部大雨發生的機率，請注意瞬間大雨，山區慎防坍方及落石。
明天到周三清晨（12日到13日）東北季風及桔梗颱風外圍雲系影響，北宜整天涼，天氣陰雨，宜花雨勢明顯、桃園以北、台東恆春也陰雨，宜蘭局部大雨豪雨、北海岸及雙北山區防大雨，中南部雲量也增多，南部地區及中部山區零星小雨。北部、台東高溫27、28度、宜花24到26度、中南部29度左右，各地低溫22到23度。
周三到周四（13到14日）水氣減少、氣溫回升，周三桃園以北、東半部零星雨；周四降雨限縮到東半部，新竹以南地區晴時多雲、天氣穩定。北部、台東高溫28到30度、宜花約26到28度左右、中南部30到31度，氣溫回暖，各地低溫約23、24度。
周五到周日（15到17日）水氣再增、周日東北季風增強，由於TD29接近菲律賓，台灣這邊水氣也增多，北部、東半部及恆春半島降雨增加、中南部山區也有零星雨，中南部平地多雲為主，雨勢大小仍要視TD（熱帶性低氣壓）動態而定，請持續關注。周五到周六本島高溫約27到30度，較溫暖，周日東北季風增強，北台灣轉涼，各地低溫約23、24度。
󠀠撰稿：吳怡萱
"
5,日本內閣總辭 石破茂可望連任,https://tw.news.yahoo.com/%E6%97%A5%E7%9B%B8%E7%9F%B3%E7%A0%B4%E8%8C%82%E5%AE%A3%E5%B8%83%E5%85%A7%E9%96%A3%E7%B8%BD%E8%BE%AD-%E5%A6%82-%E7%89%B9%E5%88%A5%E5%9C%8B%E6%9C%83-%E9%81%B8%E8%88%89%E5%8B%9D%E5%87%BA%E5%B0%87%E5%85%AC%E5%B8%83%E6%96%B0%E5%85%A7%E9%96%A3%E5%90%8D%E5%96%AE-003912524.html,"根據日本媒體報導指出，日本國會將於11日下午舉行首相指名選舉。但由於自民黨和公明黨組成的執政聯盟在本次選舉中並未拿下過半席次，因此預計第一輪投票是無法順利取得結果，勢必要進入到第二輪投票中，屆時將由自民黨總裁石破茂和立憲民主黨代表野田佳彥進行對決。
而根據目前情勢來看，目前在野黨還無法完全統一投票意向，日本維新會與國民民主黨已表態在兩輪投票中都不會支持野田佳彥。再加上第二輪投票中並不需要取得半數同意，只要票數多就能勝選，因此石破茂在第二輪選舉中勝出、獲得連任的可能性十分的大。如順利連任，這也讓石破茂成為日本第103任內閣總理大臣。
如石破茂順利連任日本首相，預計在11日晚間就會成立第二次石破內閣，屆時正式名單也會公之於眾。但目前有消息指出，第二次內閣成員與第一次內閣成員有所變動，農林水產大臣改由江藤拓接任，法務大臣則由鈴木馨祐接任，國土交通大臣則由中野洋昌接任，其餘閣員皆保留原職。
原始連結
"
6,呼叫器連環爆案 以總理認批准,https://tw.news.yahoo.com/%E4%BB%A5%E8%89%B2%E5%88%97%E8%AA%8D%E4%BA%86%EF%BC%81%E7%9C%9F%E4%B8%BB%E9%BB%A8%E5%91%BC%E5%8F%AB%E5%99%A8%E9%80%A3%E7%92%B0%E7%88%86%E4%BA%8B%E4%BB%B6-%E7%B4%8D%E5%9D%A6%E9%9B%85%E8%83%A1%E6%89%BF%E8%AA%8D%E6%89%B9%E5%87%86%E7%99%BC%E5%8B%95%E6%94%BB%E6%93%8A-013803594.html,"在此之前，真主黨（Hezbollah）曾指責宿敵以色列發動這起爆炸事件，對這個獲伊朗撐腰的組織造成重大打擊，並矢言報復。納坦雅胡的發言人杜斯崔（Omer Dostri）對法新社講述這起攻擊事件時表示：「納坦雅胡今天證實，他批准了在黎巴嫩引爆呼叫器的行動。」
在以色列對黎巴嫩持續採取軍事行動之前，這場攻擊造成近40人死亡、近3000人受傷。
真主黨盟友、巴勒斯坦伊斯蘭主義組織哈瑪斯（Hamas）去年10月7日突襲以色列並引發加薩戰爭後，真主黨開始對以色列進行低強度攻擊，以支持哈瑪斯。
自9月下旬以來，以色列對真主黨發動猛烈空襲，隨後又向黎巴嫩南部派遣地面部隊，進一步加劇中東情勢。
"
7,失聯移工投案「遭退貨」揭隱憂,https://tw.news.yahoo.com/%E5%A4%B1%E8%81%AF%E7%A7%BB%E5%B7%A5%E5%88%B0%E6%A1%88%E7%B9%B3%E4%B8%8D%E5%87%BA%E7%BD%B0%E9%8D%B0%E5%86%8D%E5%A4%B1%E8%81%AF-%E8%A1%8D%E7%94%9F%E6%B2%BB%E5%AE%89%E9%9A%B1%E6%86%82-222841242.html,"今年上半年，基隆某派出所警方帶著六名失聯移工到移民署基隆專勤隊投案，驚覺其中三人已在桃園「自首」，卻因繳不起五萬元罰鍰、又無法被收容，遭桃園專勤隊「退貨」後轉向基隆，最後因為二度被退，再度失聯。
台灣失聯移工數量不斷攀升，「一邊遭退貨、一邊危及治安」情形，正在全國上演。
遣返冗長人仰馬翻
本報日前報導失聯移工收容爆量，形成「移工犯罪圈」衍生治安隱憂。進一步追蹤發現，關鍵原因是移民署修正入出國及移民法並於今年三月上路，逾期停留或居留者的行政罰鍰，從原本兩千元到一萬元，提高五倍為一萬元至五萬元。許多移工繳不起罰鍰、加上遣返程序冗長，導致專勤隊人仰馬翻卻事倍功半。
一名移民署官員說明，過去失聯移工自行到案，準備一萬元罰鍰、近萬元機票，可以迅速遣返；但罰鍰提升到五萬元之後，失聯移工自行投案若繳不出罰金，因不能收容，必須請離後催繳，再不繳交才能註銷自行投案條件，待該移工再次到案，才能以「查處」名義收容。
「等著被查處」常態化
在臨時收容所多日後，移民署必須先派人戒護至台北、宜蘭、南投和高雄四所大型收容所，大型收容所再窮盡一切方式進行催繳，再不繳才會依行政罰法建議免罰五萬元；對於繳不出機票費用者，則以就業安定基金協助支付，也讓失聯移工「等著被查處」常態化。
該官員指出，由於自行到案不用收容，過去每年約有八千人到一萬二千人自行到案，可迅速離境，收容所與專勤隊人力還可應付；但如今失聯移工「等著被查處」已經常態化，不僅大型收容所時常處於「滿水位」狀態，威脅收容安全，臨時收容所也經常爆量收容，遣返程序少說也要三周。
一名曾逃逸近十年的移工阿宏（化名）告訴記者，以前只要準備一萬元罰鍰，加上六、七千元機票，自行投案就能被遣返；但如今增加到五萬元，繳不起是一回事，更重要的是許多同鄉認為，「反正就算繳不起，最後也回得去」。
上月有一名來台逾期的印尼女生自行到案，身上沒錢也沒地方住，因為繳不起罰鍰被收容所「退貨」，原本在地民間團體收容她，但沒多久又再度離開。她的媽媽也在台灣工作，卻提繳不出罰鍰，只能再等女兒經過漫長程序，才能進入收容再遣返。
自行到案人數大減
移民署統計，去年一到九月總查處人數為二萬九九四人，今年下滑到一萬六九四七人；其中，自行到案人數大幅降低，若從三月修法提高罰鍰計算，三到九月自行到案人數，從去年七七七五人銳減到今年二五九三人。
內政部移民署副署長陳建成指出，僅賴國安機關查處作為，顯見無法有效解決移工失聯的問題，須由相關引進移工的目的事業主管機關勞動部，依據對產業環境的瞭解，負責研擬防止移工失聯的策略；整體政策仍須透過跨部會合作，共同強化源頭管理機制。
【看原文連結】
"
8,川普感謝貢獻卻未邀入閣 蓬佩奧、海利回應,https://tw.news.yahoo.com/%E5%B7%9D%E6%99%AE%E6%84%9F%E8%AC%9D%E8%B2%A2%E7%8D%BB%E5%8D%BB%E6%9C%AA%E9%82%80%E5%85%A5%E9%96%A3-%E9%BE%90%E5%9F%B9%E6%AD%90-%E6%B5%B7%E8%8E%89%E6%9C%80%E6%96%B0%E5%9B%9E%E6%87%89%E6%9B%9D%E5%85%89-010200266.html,"即時中心／梁博超報導
川普昨日在「真實社群」（Truth Social）表示，將不會邀請前國務卿龐培歐和前駐聯大使海莉兩人入閣；川普指出，自己非常喜歡、並感謝過去曾與他們合作過，也謝謝兩人為國家的付出。
川普貼文一出，旋即引發多方議論。龐培歐在Ｘ發文回應，表示自己也很榮幸曾與川普共事，「正如你所說，當我們上週在一起時，你和我制定了一個使世界變得更安全、且不會導致新戰爭的計劃。」他也呼應川普，強調美國堅決地拒絕「拜登-哈里斯」的外交政策，「我們有責任再次把美國放在第一位」。
海莉也發文指出，她很自豪能夠與川普一起在聯合國捍衛美國。「我祝福他和所有為國效力的人，在未來4年任期裡能取得巨大成功，推動我們邁向一個更強大、更安全的美國。」
"
9,助政權和平移轉 拜登邀川普回白宮交接,https://tw.news.yahoo.com/%E5%8A%A9%E6%94%BF%E6%AC%8A%E5%92%8C%E5%B9%B3%E7%A7%BB%E8%BD%89-%E6%8B%9C%E9%82%80%E5%B7%9D%E5%9B%9E%E7%99%BD%E5%AE%AE-201000041.html,"312：226 川普壓倒性勝利
美選開票歷時5天，各州票數直到9日晚才全數開完，紅潮席捲全美。美媒指出，川普橫掃7個關鍵搖擺州，最終以312張選舉人團票，對上賀錦麗的226票勝選。普選票方面，川普更是比賀錦麗多出400萬張，重挫民主黨。
川普以壓倒性優勢戰勝賀錦麗，東山再起。回顧川普由商轉政的傳奇經歷，他於2016年首次勝選，當時民主黨總統歐巴馬邀他前往白宮進行權力交接。4年後，川普連任失敗，支持者難以接受敗選事實，於2021年1月6日國會參眾兩院舉行聯席會議時，以認證選舉人團選出拜登為新任美國總統之際，川粉闖入國會大廈、發生暴動，造成5死、約140名警察受傷。
2021年國會大廈暴動事件，給美國人帶來難以磨滅的恐懼和陰影。因此，在賀錦麗6日承認敗選後，當下即承諾幫助川普移交權力，這番言論與川普2020年敗選後的態度形成鮮明對比。
拜登籲選民冷靜消弭分歧
川普將於明年1月20日就職成為美國第47位總統。在權力交接過程中，川普須簽署美國總務管理局的諒解備忘錄，以便使用聯邦政府的資源，方便交接工作。
拜登7日發表演說時也應允，將確保2025年1月的權力和平交接，呼籲政治兩極分化的美國消弭分歧。拜登呼籲選民冷靜下來，不要將彼此視為對手，並說「我們的選舉制度是誠實、公平、透明的，無論輸贏，都值得信賴。」
另外，眾議院即將完成計票，路透指出，共和黨距離奪下眾議院僅剩一步之遙。川普勝選、共和黨成功掌控參議院，若該黨再拿下眾議院，川普有望完全執政，這對他明年1月重返白宮後，推動一系列稅收和支出削減、能源放寬管制以及邊境安全控制的議程，至關重要。
艾迪生媒體研究機構報告指出，共和黨已贏得眾院435席中的213席，民主黨則取得205席，共和黨只需再拿下5席，即可掌控眾院。
對比之下，民主黨需要在剩下的17席中，贏得13席才能占據優勢。路透指出，剩下的17個眾議院選區，大多位於西部的競爭性選區，這些地區的計票進度通常較其他地區來得慢。目前，9席由共和黨掌握，8席民主黨占優勢。
紐時指台美關係將更緊張
面對即將到來的川普政權，各國都在預做準備，《紐約時報》10日指出，台灣正為川普重返白宮後，可能更微妙、甚至更緊張的關係做準備。在競選期間，川普曾批評台灣偷了美國的晶片生意，還嗆台灣若要美國保護，就該付保護費。
紐時指出，台灣將面對川普直言不諱的「交易式外交」，由於美台缺乏正式外交關係，賴清德總統無法與川普面對面會晤，闡述自己的觀點。川普對台灣軍費和半導體產業的抱怨，也進一步加重台灣壓力，台灣須購買更多美國武器，以及增加對美國投資晶片廠。
"
10,本日焦點／路透：美下令台積電停供中國高階晶片,https://tw.news.yahoo.com/%E8%B7%AF%E9%80%8F%EF%BC%9A%E7%BE%8E%E5%95%86%E5%8B%99%E9%83%A8%E4%B8%8B%E4%BB%A4%E5%8F%B0%E7%A9%8D%E9%9B%BB%E6%98%8E%E8%B5%B7%E5%81%9C%E4%BE%9B%E4%B8%AD%E5%9C%8Bai%E5%85%88%E9%80%B2%E9%AB%98%E9%9A%8E%E6%99%B6%E7%89%87-081055746.html,"路透社9月報導，半導體研究機構Tech Insights發布報告指出，經拆解發現華為昇騰910B處理器是使用台積電7奈米製程。台積電隨後表示，自2020年9月中旬就不再向華為出貨，並主動與美國商務部進行溝通。
路透社今天引述消息人士的話表示，美國商務部已去函台積電，針對運往中國大陸、為AI加速器與繪圖處理器（GPU）提供動力的特定7奈米或更先進設計的尖端晶片，實施出口管制。
這名消息人士指出，台積電接到美國商務部來函後，已通知受影響客戶說將自本月11日起暫停晶片出貨。
美國商務部是以「通知函」形式告知。這種方式可讓美國行政部門繞過冗長的規則制定流程，迅速對特定企業實施新的許可要求。
美國商務部婉拒對相關新聞內容置評。
路透社報導，台積電發言人說台積電「作為一家守法的公司，一向致力於遵循所有可適用的法令與法規，包括可適用之出口管制法規」，除此之外無進一步評論。
"
11,討論爆棚／名醫差點上當⋯監理所示警詐騙新招,https://tw.news.yahoo.com/%E8%A9%90%E9%A8%99%E6%96%B0%E6%8B%9B%E9%82%84%E4%BB%A5%E7%82%BA%E7%9C%9F%E7%9A%84-%E7%A5%A8%E7%8B%82%E6%94%B6-%E4%BA%A4%E9%80%9A%E9%81%95%E8%A6%8F%E7%9B%A1%E5%BF%AB%E8%99%95%E7%90%86-%E4%BF%A1%E4%BB%B6-011050607.html,"詐騙案件層出不窮，近日不少許多民眾都收到宣稱來自監理站的詐騙信件，內容聲稱收信人未處理違反交通管理事件，要求在期限內上網繳費，讓不少人誤以為自己違規而慌了手腳。對此，監理所呼籲民眾應多注意，千萬別點選來路不明的連結，避免個人資訊或錢財遭騙取。
陳志金表示，日前他收到一封署名監理站的信件，內容寫著：「業務中心發現您未處理違反交通管理事件，請於11/07之前盡快處理。」信中還附上線上繳費的操作步驟。陳志金一開始還以為自己不小心違規，心想「我怎麼這麼不小心，到底是超速？違規右轉？還是沒有禮讓行人？真的很丟臉！」擔心會重創個人形象，直到妻子提醒「違你個頭啦！你根本就沒在開車！」這才恍然大悟是詐騙信件。
陳志金在留言區PO出信件截圖，直呼「有在開車、騎車的朋友，小心詐騙！看寄件地址，就知道是假的！」文章曝光後，不少網友透露，「我也收過呢！開車紀錄不好一度覺得是真的」、「我也剛收到」、「我也有收到，最早是在視網膜那裡看到的」、「我也有收過立馬打電話去監理站查詢」。
對此，監理所表示，近日收到民眾遭簡訊或網站詐騙的消息，宣稱有「未處理之交通違規」，要求在「24小時內」透過指定的連結繳納，否則將面臨「高額罰款」。臺東監理站強調提醒，此簡訊完全是詐騙，絕非監理所站發送，呼籲民眾應多注意，千萬別點選來路不明的連結，避免個人資訊或錢財遭騙取。
各區監理所站不會發送簡訊通知「交通違規未繳納」，請勿點擊來源不明的簡訊或連結，以免上當受騙。官方網站請認明「gov.tw」結尾。如有任何疑問，可以撥打165反詐騙專線查詢，亦可向各地區監理所站詢問。
"
12,網站密碼設置規定「超複雜」網共鳴：真的記不住,https://tw.news.yahoo.com/%E4%BB%96%E6%80%A8%E5%85%AC%E5%8F%B8%E7%B6%B2%E7%AB%99%E3%80%8C%E5%AF%86%E7%A2%BC%E8%A6%8F%E5%AE%9A%E8%A4%87%E9%9B%9C%E3%80%8D-%E7%B6%B2%E7%A7%92%E6%8E%80%E5%85%B1%E9%B3%B4%EF%BC%9A%E7%9C%9F%E7%9A%84%E8%A8%98%E4%B8%8D%E4%BD%8F-011720441.html,"隨著時代進步，人手一支智慧型手機成為常態，社群軟體更是五花八門，每個社群軟體的密碼設定都有不同規定，對此有網友也直呼「那麼多奇怪組合的密碼真的記不住」，忍不住好奇其他網友的想法，在網上掀起討論。
貼文一出，掀起不少網友共鳴「如果有陣子每天工作12小時沒睡飽，有時候打開電腦真的會想不起密碼或用到舊密碼打不開，是真的會忘…」、「一直改密碼好麻煩」、「最麻煩的是改密碼還不能跟前十次一樣」、「敝司規定改後密碼不能跟上次字元同，弄得大家超困擾，有的還錯三次鎖半小時」、「我們公司還規定不能跟最近三次密碼雷同」、「我覺得不能類似的偵測才是最麻煩的，不是你改有兩個字就可以過」、「三個月強制改一次的最煩」、「我公司強制2階段，密碼8碼，英、數、大小寫、符號，四選三，三個月換一次，不能跟前八次相同」、「動不動就要改密碼的網站最煩」、「工號大寫+工號小寫解決」。
有網友也指出密碼的複雜度有其必要性「暴力破解太簡單的5分鐘，複雜的要40年，你說有沒有差」、「我密碼有25碼，有次修電腦連IT都說你密碼好長」。
󠀠撰稿：吳怡萱
"
13,一堆大學出現投資理財社團 上班族喊羨慕,https://tw.news.yahoo.com/%E5%A4%A7%E5%AD%B8%E9%A9%9A%E8%A6%8B-1%E7%8F%BE%E4%BB%A3%E7%A4%BE%E5%9C%98-%E5%8C%97%E5%A4%A7-%E6%B8%85%E4%BA%A4%E9%83%BD%E6%9C%89-%E4%B8%8A%E7%8F%AD%E6%97%8F%E9%A9%9A%E5%91%BC%E7%BE%A8%E6%85%95-053314969.html,"高中、大學生都有玩社團的經驗，近年來股票市場熱，大學的證券研究社、投資理財社等如雨後春筍般出現，一個社團人數甚至破百人，因為不少學生都希望能提早財富自由，不僅如此，有上班族發現，就連高中也有課程教導理財，讓他直呼「羨慕現在網路世代的學生」！
一名網友在「Zuvio」發文透露，自己出社會快三年，最近才從公司的清華大學工讀生口中得知，原來現在清華大學有「投資理財社」，令他感到十分訝異。而且，像是北大、陽明、交通等知名學府也都有類似的社團。
他分享，現在不只大學有投資理財社，就連高中的課後社團也開始教導學生一些理財資訊，雖然不是實際投資股票，但卻教導學生如何整理手頭上的錢。至於大學的投資理財社，則是教導學生在真實市場中如何進行投資，會邀請講師講解證券交易，或是產經共學等相關資訊。學生們可以在社團中互相切磋鼓勵，即使是投資新手，也能在社團的氛圍中增加學習的動力。
原PO不禁感嘆，「都不知道原來現在大學的社團已經這麼多元啊！如果還是高中生或是大學生的時候，就能有一些理財概念，那該有多好啊，羨慕現在的網路世代的學生啊！」
文章一出，有學生現身分享，「沒錯！我們學校就有！一開始不知道在幹嘛，後來發現還蠻實用的」、「社團時間我都覺得好浪費時間，如果學校有理財的我一定參加，賺錢誰不要」、「淡江有證券研究社和程式交易社，我們社團老師也是找台大的講師」。
"
14,台北家具行「月薪6萬」請嘸司機 網指3缺點,https://tw.news.yahoo.com/%E5%8F%B0%E5%8C%97%E5%AE%B6%E5%85%B7%E8%A1%8C-%E9%96%8B6%E8%90%AC%E5%BE%B5%E5%8F%B8%E6%A9%9F-%E5%98%B8%E4%BA%BA%E4%BE%86-%E7%B6%B2%E5%98%86-%E5%8F%97%E4%B8%8D%E4%BA%86-043401296.html,"生活中心／周希雯報導
在夢想與生活難以並存年代，不少人為了一份薪水拼盡全力，也持續往上爬尋求更優渥的待遇。不過有網友發現，家具行明明開出月薪6萬、有績效獎金，以台北來說已經不錯了，卻依舊徵不到司機，好奇當中原因。不過貼文一出，許多人都搖頭不推薦，甚至直言，「你先去應徵，做一個月再來嘴」。
原PO認為，家具行司機月薪6萬還有業績，在台北算不錯了，為何還是沒人要做？（示意圖／民視新聞資料照）
不少人點出關鍵，包括對身體負擔大、一人身兼多職、北市還有許多沒電梯的老公寓。（示意圖／民視新聞資料照）
有人分享親眼所見，「巷口家具行員工，一下司機一下搬家工人一下變倉儲人員，還不如去考公車單純點」。也有鄉民特別轉發PO文回覆，透露朋友家裡就是開家具行，「以前聊天就聽過他說他媽在抱怨員工，我朋友就吐槽他媽說，『誰叫妳都不給加班費』。她媽只回了一句，『我們這行本來就沒有加班費』，大概就是這樣，供參考」。
"
15,什麼語言？路牌多一串英文 桃市府解答,https://tw.news.yahoo.com/%E5%88%B0%E5%BA%95%E5%93%AA-%E5%9C%8B%E8%AA%9E%E8%A8%80-%E8%B7%AF%E7%89%8C%E5%87%BA%E7%8F%BE-%E7%99%BD%E5%BA%95%E9%BB%91%E5%AD%97%E8%8B%B1%E6%96%87-%E6%A1%83%E5%B8%82%E5%BA%9C%E6%9B%9D%E7%AD%94%E6%A1%88-220815446.html,"桃園市各區路牌現在增加了白底黑字的一串英文，有民眾好奇是什麼意思，並將照片拍照上傳社群媒體，網友議論紛紛，有網友說，看不懂是什麼語言、開車也要考英文了嗎。但也有網友認出是客語字，留言寫下，為四縣腔的客語意思，另也有民眾說，有客語的標示很好，這樣才能看出文化差異。
交通局交通工程科解釋，白底黑字標誌牌面，是客語譯音。配合客委會去年推動的客庄地名客語標注作業計畫，提升客語使用意識，落實語言生活化和在地化，要求客語族群、重點縣市優先更換牌面，目前桃園市共增設32面，除龜山區外皆有設置，執行費用約40萬元，今年9月已施作完成，牌面設置以市區道路為主，包含縣、鄉道在內，省道部分為交通部公路局北區養護工程分局各工務段負責。
原始連結
"
16,周慧敏57歲生日 曬兒時青澀照,https://tw.news.yahoo.com/%E5%91%A8%E6%85%A7%E6%95%8F57%E6%AD%B2%E4%BA%86-%E7%94%9F%E6%97%A5%E6%9B%AC%E5%85%92%E6%99%82%E7%85%A7-%E5%BE%9E%E5%B0%8F%E7%BE%8E%E5%88%B0%E5%A4%A7-%E7%BD%95%E5%90%90%E5%BF%83%E8%81%B2-002944731.html,"周慧敏與老公倪震結婚15年，雖然膝下無兒女，不過依舊恩愛如昔，兩人世界甜蜜。昨(10日)迎來57歲生日的她，在社群PO文許下心願：「一直忙著，到現在才有時間發個post，這樣快又到11月10日了，這天，能夠一家二人三貓齊齊整整在一起，已經非常滿足」，不難看出生日願望雖然平凡，卻相當實際。
周慧敏還附上兩張年幼時的照片，只見她從小不僅有張鵝蛋臉，輪廓也相當深邃，加上外貌出眾，自幼就是個美人胚子，回顧從兒時到現在的成長經歷，有感而發表示：「回看自己的成長，感激每一個經歷，不管是怎樣的境遇，都是我學會跨過的功課，不管貧窮富有、順境逆境，我都學會數算祢的恩典了」，最後不忘感謝一路支持的粉絲：「衷心謝謝大家對我的支持和祝福」。
周慧敏雖然現在與倪震相當恩愛，但過往也曾因為老公花邊新聞不斷，屢爆出婚變傳聞，不過都遭到她否認。先前上節目透露與倪震私下互動，她表示相當尊重丈夫這個角色，「因為他挺有智慧的，所以很多是由他做決定會比我正確」。不過意見不同時，還是會溝通討論直到達成共識。至於如何維持婚姻？周慧敏強調老公是很守承諾的人，並且強調「結婚後應該不可以離婚」，因此兩人婚後會以對方為出發點，互相承擔和讓步，一起努力去經營婚姻。
"
17,王思佳再秀名牌包 市價慘砍半,https://tw.news.yahoo.com/%E6%98%94%E9%99%B7%E5%81%87%E5%8C%85%E9%A2%A8%E6%B3%A2-%E7%8E%8B%E6%80%9D%E4%BD%B3%E5%8F%88%E5%B8%B6-%E5%8D%83%E5%B9%B4-%E9%81%87%E7%B5%95%E7%89%88%E5%8C%85-%E4%B8%8A%E7%AF%80%E7%9B%AE-230700889.html,"娛樂中心／綜合報導
藝人王思佳去年五月陷假包風波，如今她走出陰霾，不僅推出新書，還時常在自己的YouTube頻道上調侃過去事件，最近她又帶包包上節目「鑑定」，結果令她大為震驚！
▲王思佳包包鑑定被以半價收購，晴天霹靂。（圖／翻攝自大尋寶家YouTube）
王思佳日前與好姊妹成語蕎一起上節目鑑定包包，兩人分別都帶了三款包包，只見王思佳帶的包第一款是10幾萬買的二手經典夢幻粉保齡球包，專家鑑定後開價14萬，讓她很滿足；第二款凡賽斯與芬迪聯名12萬稀有款包包，僅被開價6萬5，讓她超傻眼；最後一顆是香奈兒絕版冰塊包，一樣是購入二手，買的時候15萬，專家則是願意開14萬收購，王思佳聽到後超開心。
▲▼王思家稀有包款被收購價與買進時超不多，超開心。（圖／翻攝自大尋寶家YouTube）
事實上，王思佳當初捲假包之亂，經紀人小瑋坦言，出事後他每天都打電話關心王思佳和媽媽布蘭妮，布蘭妮還因心疼女兒遭遇哭了出來，突然哽咽地說：「她媽媽在哭，那時候就覺得她媽媽有多愛她，如果今天有人罵我兒子罵成這樣，你會心有多痛。」此番話王思佳聽完也忍不住落淚。
不僅如此，陪伴王思佳拍片的小聶，兩人私下也是好友，他透露，王思佳疑似罹患嚴重的創傷後壓力症候群（PTSD），擔心被罵而「不敢用最自然的方式去面對所有人」，令人心疼，王思佳則是選擇堅強面對一切，「人設是一個很重要的問題，人設表示代表人家看你的眼光，我今天突然表現我很柔弱的樣子，我們這種人哭，人家會說鱷魚的眼淚，對我而言我的柔弱會讓有些人覺得那是我的演技」。
▲▼經紀人過去坦言王思佳疑似罹患嚴重的創傷後壓力症候群。（圖／翻攝自王思佳的王美頻道YouTube頻道）
"
18,樂天女孩也被跟蹤 至今沒道歉,https://tw.news.yahoo.com/%E4%B8%8D%E5%8F%AA%E6%9D%8E%E5%A4%9A%E6%85%A7-%E6%A8%82%E5%A4%A9%E5%A5%B3%E5%AD%A9%E8%87%AA%E6%9B%9D-%E8%A2%AB-%E8%B7%AF%E8%B7%9F%E8%B9%A4-%E8%B6%85%E5%8F%AF%E6%80%95-095803801.html,"娛樂中心／胡志欣報導
啦啦隊女神「梔梔」，在加入啦啦隊前，曾在金融業擔任業務，之後為實現表演夢，2019年成為味全龍啦啦隊小龍女的第一代成員，2022年初退出後，曾在體育節目等活動擔任主持，今（2024）年正式加入樂天桃猿專屬啦啦隊「樂天女孩」，鐵粉都為她感到相當開心，平時樂於與粉絲分享日常點滴的她，今（10）日凌晨看到李多慧被跟蹤的消息時，她也有感而發地更新動態「過了那麼久，我還是等不到一句道歉。」。
啦啦隊女神「梔梔」因甜美臉蛋和傲人身材，是粉絲心中的完美女神。（圖／翻攝自IG@chihchih67.__）
啦啦隊女孩的「梔梔」擁有精湛舞藝和甜美臉蛋，加上不時在社群放送火辣流量密碼， 成為台灣人氣的啦啦隊女神之一，且樂於向粉絲分享生活的梔梔，總會在社群上傳不少生活點滴，每有新動態就引發網友關注。不過今（10）日梔梔看到韓籍啦啦隊女神李多慧被跟蹤的消息，她也在社群平台Threads上發文透露，自己某一年在澄清湖應援完球賽，「有人從我下班一路跟蹤我，宵夜、等警衛開門」，並直言「過了那麼久，我還是等不到一句道歉」。
梔梔是台灣人氣的啦啦隊女神，有著大批死忠粉絲追隨。（圖／翻攝IG@chihchih67.__）
難過的是，當時梔梔勇敢發文，卻有人質疑是「炒新聞」，仍然沒有人願意相信，而梔梔也表示「我知道是你，你是不是不知道我早就知道了？」，但過了那麼多年，依舊沒等到一句道歉。她坦承，「當下真的覺得非常可怕…」，希望未向外公開的私人行程不任意被狂粉惡意尾隨曝光，並呼籲粉絲或是球迷別再做出很瘋狂的騷擾舉動，可以尊重她人隱私，多給她私人空間和自由。
啦啦隊女神梔梔有超狂的火辣身材以及招牌甜美笑容，吸引大批粉絲喜愛。（圖／翻攝自ig@@chihchih67.__）
《民視新聞網》提醒您：不良行為，請勿模仿！
"
19,破冰？柯震東罕見同框楊謹華,https://tw.news.yahoo.com/%E7%8D%A8%E5%AE%B6-%E5%90%8C%E6%A1%86%E9%87%8B%E5%89%8D%E5%AB%8C-%E6%81%A9%E6%80%A8%E9%83%BD%E5%9B%A0%E8%95%AD%E4%BA%9E%E8%BB%92-%E6%9F%AF%E9%9C%87%E6%9D%B1%E5%90%8C%E6%A1%86%E7%A0%B4%E5%86%B0%E6%A5%8A%E8%AC%B9%E8%8F%AF-212859983.html,"今年4月楊謹華參加《乘風2024》浪姐5，在節目中突然感慨提到自己有一段「回不去的友情」，「我們中間就發生了一些事情，但我覺得那些事情，會讓我們回不去，我其實真的有想要挽回，但很多東西都回不去了。」
楊謹華當時表示雖然回不去會有遺憾，「但生活圈不一樣就不勉強，我非常希望她可以過得很好」，不少網友都猜測指的是蕭亞軒，兩人過去的閨密情變也再度掀起熱議。
楊謹華和蕭亞軒在2017年傳出姐妹情崩盤前，曾有長達16年的交情，甚至好到蕭亞軒情傷時，楊謹華連換洗衣物都沒帶就跑去蕭家陪她，直接穿她的內褲。過往社群上也都是兩人親密合照，而鬧翻原因流傳多種版本，其中多項線索都直指柯震東。
早在2012年「亞東戀」曝光前，圈內流傳柯震東本想追的是楊謹華，兩人因為父母相識的關係很早就認識，也相約過幾次，楊謹華卻從未找當時和她幾乎是連體嬰的蕭亞軒同行，被指是楊對柯震東有意。但因柯震東與楊謹華前男友懷秋也是好友，對她始終抱著「只可遠觀」的心態，而楊謹華和懷秋復合後，才把蕭亞軒介紹給柯震東。
就在「亞東戀」順利展開後，蕭亞軒一頭熱投入戀情，但因為她多年來在情海裡載浮載沉，每次戀愛工作就幾乎停擺，楊謹華不想好友為了愛情影響事業，多次提醒她能夠多愛自己一點，但對方依舊有如飛蛾撲火，友誼也在多次想法分歧的狀況下出現裂痕。
最近楊謹華主演的戲劇《影后》中，她和劇中閨密謝盈萱同是演員，謝盈萱為了不想蓋過導演老公的光芒選擇隱退，讓楊謹華不捨又氣憤，認為謝盈萱不該為了感情放下自己的事業，兩人也因此吵翻決裂。
據悉，楊謹華提供很多自身和閨密鬧翻的經驗給劇組，和她當年與蕭亞軒、柯震東的糾葛不謀而合。事過境遷多年，楊謹華已為人妻，卻可感覺她相當惦念蕭亞軒，似乎仍然放不下這段友情。
"
20,櫻花妹嬌憨奶氣「嗲聲全球知名」　學者：社會期待下的產物「84%女性自我厭惡」,https://tw.news.yahoo.com/%E6%AB%BB%E8%8A%B1%E5%A6%B9%E5%AC%8C%E6%86%A8%E5%A5%B6%E6%B0%A3-%E5%97%B2%E8%81%B2%E5%85%A8%E7%90%83%E7%9F%A5%E5%90%8D-%E5%AD%B8%E8%80%85-%E7%A4%BE%E6%9C%83%E6%9C%9F%E5%BE%85%E4%B8%8B%E7%9A%84%E7%94%A2%E7%89%A9-84-032723160.html,"根據《朝日新聞》報導指出，山崎廣子表示，常看海外電影或新聞節目就可以發現，外國女演員或女性主播的聲音較低沉，但反觀日本，許多女性，特別是年輕一代的聲音卻偏高，甚至有些人說話像動畫角色般尖銳。
山崎廣子解釋，聲音的高低除了受到語言特徵影響（語調、抑揚和音節重音等）外，體格也是重要因素之一。山崎廣子以獅子舉例，指稱獅子幼崽的叫聲較高亢，但成年的獅子聲音變低，因為聲帶和共鳴體變大。
但這些因素並不能完全解釋為何日本女性的聲音如此高亢，一般來說，身高160公分女性的聲音應該是220至260赫茲（Hz），但日本許多女性的聲音卻達到300至350赫茲，甚至比世界平均水準高出近一個八度，這通常已經是使用假聲的範疇，在日常說話中屬於不自然的發聲方式。
山崎廣子說明，許多年輕女性會發出類似動畫角色或「貓咪撒嬌」的聲音，這種高音的發聲方式是通過喉頭上提，縮短聲道來實現，對喉嚨的負擔極大。
之所以日本女性會選擇用這麼累的說話方式，山崎廣子認為，這與社會整體，特別是男性對女性聲音的潛在期待有關。由於社會壓力，不少聲音原本低沉的女性被迫發出高音，試圖符合社會對「可愛」、「柔弱」的女性形象的期待。
再加上，人們在成長過程會無意識地適應周圍的聲音環境，並以此為基礎形成自己的聲音。因此，在日本長大的女性，聲音自然會變得高亢。
山崎廣子也提到，一些長期在國外生活的日本女性回國後，聲音往往變得比以前低沉，這也顯示出社會環境對於聲音的影響。
山崎廣子也指出，日本社會對於「女性化」的聲音有著明顯的偏好，這導致許多女性在與男性交流時會刻意抬高聲音，以顯示自己柔弱的一面。儘管有些人可能是刻意如此，但更多的人則是在無意識中受到這種社會規範的影響。
而美國的情況剛好相反。美國男性普遍認為低沉的女性聲音更加迷人，這與日本形成鮮明對比。美國的女性主播聲音平均在140赫茲左右，甚至比日本男性主播的聲音還低，這反映出兩國在女性地位和自立心上的文化差異。
山崎廣子還提到，聲音的高低在一定程度上，也可以反映社會上性別平等狀況。像是印度女性的聲音往往偏高，這也是由於印度當地有著嚴重的性別歧視。
日本自1980年代後期曾經出現女性聲音明顯降低的情況，當時日本經濟繁榮、女性開始開始進入職場。但自21世紀初以來，女性的聲音又逐漸回升至高音。
山崎廣子認為，日本社會過度推崇「可愛」文化，尤其在女性身上，這使得年輕、稚嫩的聲音被普遍認為更具吸引力。她指出，這種文化背後是一種對「幼形成熟」（Neoteny）的推崇，即不把保持稚嫩視為負面，而是將其視為值得推崇的特質。然而，這種高音的發聲對聲帶的負擔極大，有些女性甚至因為長期工作需要發出高音而患上發聲障礙。
山崎廣子也提到，約有84%的日本人表示不喜歡自己的聲音，這一比例遠高於其他國家。山崎廣子認為，聲音反映了人的身心狀況和價值觀，不喜歡自己的聲音相當於否定自己，這會降低個人對自我的肯定感，從而影響心理健康。
山崎廣子強調，每個人都應該找回自己的「真實聲音」（Authentic Voice），這是最能反映個人內在與獨特性的聲音，無論聲音高低，最重要的是能夠表達出最真實的自我，這才是真正的多樣性。
原始連結
"
21,父母反悔加134萬聘金　男友付不出無奈提分手…妹子崩潰跳河,https://tw.news.yahoo.com/%E7%88%B6%E6%AF%8D%E5%8F%8D%E6%82%94%E5%8A%A0134%E8%90%AC%E8%81%98%E9%87%91-%E7%94%B7%E5%8F%8B%E4%BB%98%E4%B8%8D%E5%87%BA%E7%84%A1%E5%A5%88%E6%8F%90%E5%88%86%E6%89%8B-%E5%A6%B9%E5%AD%90%E5%B4%A9%E6%BD%B0%E8%B7%B3%E6%B2%B3-070254212.html,"《澎湃新聞》報導，小倩父母10月間突然向小李家提出增加人民幣30萬元（約新台幣134萬元）聘金的要求，給出的說詞是「這是對女兒幸福的保障，也是對男方家庭誠意的考驗」。這一要求超出了小李家的承受能力，幾經商量，女方父母始終不鬆口，無奈之下，小李最終提出分手。
10月31日晚間，小倩鼓起勇氣與父親溝通，結果商量變成了爭吵，雙方不歡而散。半夜時分，小倩母親來到女兒房間，發現人不見了，叫醒丈夫出門找人。半小時後，兩人在連通長江的一條河邊看到了女兒。小倩情緒激動，隨時準備輕生。這時，母親心急如焚，只能不斷在旁安撫，同時讓丈夫報警。
城橋派出所民警趕到現場，了解情況後耐心勸說，但小倩還是轉身跳入了河中。民警見狀，果斷跳河救人，接住同事拋來的救援繩，遊至小倩身邊，使勁將其往岸邊拉。此時，消防隊員趕到，一起將小倩救上岸，所幸人無大礙。第二天，民警和村委幹部一起上門回訪，對小倩父母進行耐心說服引導。
小倩父母當面向小倩表示，不再額外多要聘金，並希望女兒和小李的緣分繼續下去。經過雙方父母的面見，兩家最終談妥親事。11月6日，小倩和小李踏上散心之旅。無獨有偶，10月24日，崇明長興地區也發生一起因高價聘金引發的輕生案件。當天晚上，一名女子打電話報警稱，其因感情問題準備投江。
電話中女子透露的信息不多，長興派出所派出多名民警沿江尋找，最終在一處網紅江堤的下方找到報警女子。當時該女子蹲坐在江水邊，見到民警情緒激動，連聲說「他不要我了，他不要我了」。兩名民警見其要跳進江水，一下子上前將其拉住，並勸上警車，送至派出所具體了解情況。
原來，女子小麗和男友談了兩年戀愛，發現懷有身孕後準備回家提親，誰知父母提出20萬元聘金，之後男方人間蒸發，小麗找不到人，萌生輕生念頭。民警聯繫到男友小汪。他承認自私，讓女友獨自承受困難，並表示先讓小麗一起住在租住處，聘金的事盡快與雙方父母商量。
◎勇敢求救並非弱者，您的痛苦有人願意傾聽，請撥打1995
◎如果您覺得痛苦、似乎沒有出路，您並不孤單，請撥打1925
原始連結
"
22,賀錦麗仍有望成美國首位女總統　前幕僚喊話拜登「這樣做」,https://tw.news.yahoo.com/%E8%B3%80%E9%8C%A6%E9%BA%97%E4%BB%8D%E6%9C%89%E6%9C%9B%E6%88%90%E7%BE%8E%E5%9C%8B%E9%A6%96%E4%BD%8D%E5%A5%B3%E7%B8%BD%E7%B5%B1-%E5%89%8D%E5%B9%95%E5%83%9A%E5%96%8A%E8%A9%B1%E6%8B%9C%E7%99%BB-%E9%80%99%E6%A8%A3%E5%81%9A-025717861.html,"美國政治新聞網站《Politico》報導指出，西蒙斯（Jamal Simmons）在CNN《國情咨文》節目上，建議拜登在未來30天內請辭，讓賀錦麗接任美國第47任總統，成為美國史上首位女總統。如此一來，不但可以讓未來的女性參選人擺脫「首位女總統」的歷史包袱，還能打亂川普陣營的部署，川普競選團隊已製作的「45-47」紀念商品（代表川普將成為美國第45任和第47任總統）將大受影響。
目前賀錦麗本人或團隊成員，還沒人附和這項提議。
"
23,傳台灣考慮向美採購大量軍武　作為向川普的示好之舉,https://tw.news.yahoo.com/%E5%82%B3%E5%8F%B0%E7%81%A3%E8%80%83%E6%85%AE%E5%90%91%E7%BE%8E%E6%8E%A1%E8%B3%BC%E5%A4%A7%E9%87%8F%E8%BB%8D%E6%AD%A6-%E4%BD%9C%E7%82%BA%E5%90%91%E5%B7%9D%E6%99%AE%E7%9A%84%E7%A4%BA%E5%A5%BD%E4%B9%8B%E8%88%89-023101109.html,"[周刊王CTWANT] 美國前總統川普近期才在總統大選中勝出，準備成為新一任的美國總統。而在競選期間，川普就曾直言「台灣應給美國保護費」，而如今在川普勝選後，就有消息指出，台灣方面正在考慮對美國進行大規模的軍事採購，《金融時報》甚至以「向川普示好（overture to Trump）」為題來形容此事，以此來對川普證明，台灣正在認真加強自身對於中國的防禦。
根據《金融時報》報導指出，有數位知情人士表示，台灣預計會對美國提出的軍購內容有洛克希德馬丁（Lockheed Martin）的艦艇、諾斯羅普格魯曼公司（Northrop Grumman）生產的E-2D先進鷹眼（Advanced Hawkeye）空中雷達系統。此外，台灣也希望能採購更多的愛國者導彈（Patriot missiles），甚至希望能採購到F-35戰鬥機。
有可能在川普新任政府中成為五角大廈或國家安全委員會高層的前五角大廈官員科爾比（Elbridge Colby）近期也在社群網站X上發文，呼籲台灣應該提升國防支出「那些關心台灣的人應該非常清楚，台灣的命運懸而未決，他們需要大幅加強防禦。」
報導中也提到，台灣一名高級國家安全官員表示，目前台灣已經與川普團隊進行「非正式討論」，探討要採購哪些軍武才能展示台灣對於自我防衛的投資決心。
而也有消息人士指出，台灣有可能會要求採購60架的F-35戰鬥機、4部E-2D先進鷹眼空中雷達系統、10架退役軍艦與400枚愛國者飛彈。而有台灣官員表示，神盾驅逐艦會列在本次軍購的首要名單。
台灣國防部智庫國防安全研究院的高級官員蘇紫雲表示「如果你談的是願望清單，現在是請求F-35的時機。」蘇紫雲補充表示，台灣可能會藉機請求美軍退役的提康德羅加級巡洋艦（Ticonderoga-class cruisers）和佩里級護衛艦（Perry-class frigates）。
前五角大樓高級官員克林克（Heino Klinck）表示「台灣加強自身防禦的本能是正確的，在第一屆川普政府期間，美國政府曾批准了歷史性的武器銷售包套」。克林克也強調，面臨「生存威脅」的夥伴應該有「最低支出門檻」，但應優先考慮關鍵能力，如彈藥、指揮和控制、空中及導彈防禦，並進行國防改革。而對於台灣可能請求購買F-35一事，克林克也認為「請求購買F-35，在運營或財政上都是不太合理的想法。」
報導中也提到，在川普的第一個任期內，美國批准了價值210億美元的11個武器包套銷售給台灣，其中包括F-16戰鬥機和艾布拉姆斯坦克（Abrams tanks）。拜登政府則批准價值70億美元的交易，並試圖迫使台灣以不同方式分配有限的國防預算，優先儲備適合攻擊優勢入侵者的彈藥及其他更便宜、可移動的武器，而不是傳統的大型系統。
報導中也提到總統府發言人郭佳雯，指稱其不願「證實或否認」是否有高層官員正在與川普團隊討論可能的武器採購提案。郭佳雯表示「面對來自中國在台灣海峽及地區其他地方日益增長的軍事威脅，台灣和其他鄰近國家都在繼續加強防禦。」
原始連結
"
24,許詠翔觀點：打敗賀錦麗的是川普，還是製造仇恨的覺醒文化,https://tw.news.yahoo.com/%E8%A8%B1%E8%A9%A0%E7%BF%94%E8%A7%80%E9%BB%9E-%E6%89%93%E6%95%97%E8%B3%80%E9%8C%A6%E9%BA%97%E7%9A%84%E6%98%AF%E5%B7%9D%E6%99%AE-%E9%82%84%E6%98%AF%E8%A3%BD%E9%80%A0%E4%BB%87%E6%81%A8%E7%9A%84%E8%A6%BA%E9%86%92%E6%96%87%E5%8C%96-225001253.html,"從去年以來，許多美國公司紛紛砍掉了公司內的「DEI」（Diversity, Equity and Inclusion，多元、平等、共融）部門，當然不是什麼思潮反轉之類的意識形態轉變，而是這些「生雞蛋無放雞屎有」的部門，傷害了公司存在的目的──獲利。
「DEI」部門對於一般公司的獲利能力造成什麼傷害一般人不見得會感受得到，但像迪士尼、華納這種拍攝娛樂作品營利的公司，「DEI」的影響就會直接呈現在電影票房和電視劇的收視成績上。由於當時美國的這些公司，都有點把「DEI」當成一種公關支出，畢竟現在左派常常用這些自己創造出來的所謂「良好價值」，從事恐嚇取財的犯罪行為也不是秘密，所謂的環保流氓、政確流氓這些名號就是這樣傳出來的（像是專門在遊戲裡面搞政治正確的顧問公司Sweet Baby，其創辦人就曾在公開的論壇，教授怎麼利用政治正確去恐嚇、勒索遊戲公司），營利單位不想無事生非，有花些錢打發這些麻煩的想法很正常（就是市場小販給堂口的地皮流氓保護費的概念）。而最需要「好形象」、害怕被政確流氓亂貼標籤的娛樂公司，因此成為這波「拋棄DEI」風潮中最後跟上的成員。
進入今年，「DEI」開始在遊戲產業連環爆，只不過比起電影、電視作品的票房和收視成績始終還有些「基本盤」，遊戲玩家對於這些「寄生」的「DEI」元素對應方式極為粗暴，不管是《星鳴特攻》、《星際大戰：玩命之徒》、《無名九使：覺醒》、《闇龍紀元：紗障守護者》，在銷售成績上都僅達過去同等級製作遊戲的一兩成左右。而《星鳴特攻》和《無名九使覺醒》甚至遭到「歸零攻擊」，在熱門遊戲往往能維持十萬甚至數十萬成績的「同時上線人數」，連高峰都僅僅留下數百的成績，《星鳴特攻》更是淪落至上市20天就下市退款、最終解散工作室的慘況。
我知道對於很多自認為是行「聖人之道」的人，會覺得娛樂影視遊戲這種旁門左道哪看得出什麼政治投票傾向（尤其是習慣把政治價值無限上綱的那些人），不過這些可不是「小眾」市場，舉例來說，漫威今年推出的電影《驚奇隊長2》，比起其他漫威超級英雄電影票房，光是北美市場就少了起碼1億美元，以美國電影院電影票10到20美元來計算，就是少了500萬到1000萬的觀影人次，你知道這次川普和賀錦麗的票數差多少嗎？也不過是幾百萬票罷了。至於因為「覺醒」銷售仆街的那幾款遊戲，銷售量與同等級製作遊戲相比，少賣的套數也是以百萬為計算單位。
有趣的是在被玩家酸為「多元性別教育軟體」的《闇龍紀元：紗障守護者》，獲得媒體給予84分（滿分100分，來自綜合評價網站Metacritic）的高分，但玩家分數卻是可憐兮兮的3.9分（滿分10分，同樣來自綜合評價網站Metacritic）。對比8月底上映的電影《雷根總統》，因為內容講述讓左派共產帝國垮台的總統雷根生平，在電影評論網站「爛番茄」（Rotten Tomatoes）獲得一般觀眾98%好評，卻只有21%專業影評人給予正面評價。
媒體有自身的言論立場不是問題，問題是當這種立場蒙蔽了自己觀察事實的眼睛時，你能期待這樣的媒體告訴你什麼世間真相？舉上面的影視作品和遊戲的例子，影評人對作品的評價當然不必和影迷或是遊戲玩家一樣。但民主國家的選舉觀察卻不一樣，畢竟最後投下選票、做出決定的是選民，媒體對於選舉觀察該呈現的應該是選民的動向，而不是基於自己意識形態信仰對候選人做出的「評分」。
我們先不說2020年美國總統大選，就是因為當時幾組黨內候選人「左過頭」，才不得不喬出在黨內算是比較中間派的老爺爺拜登參選，身為「左過頭」其中一員的賀錦麗「換登」後趕鴨子上架本來勝選可能性就很低；但賀錦麗參選後，一些媒體無視美國目前的反政確浪潮，閉著眼睛瞎扯賀錦麗擁有年輕人的支持（難不成這些媒體人認為那些因為「政確」而不看電影、不買遊戲的都是保守主義的老頭子，事實上是這次選舉的出口民調數字顯示，川普在年輕人選票這塊根本遠超賀錦麗），其實就是沒做好媒體人的本職工作。
雖然說川普幾乎拿下所有搖擺州，也難得地以共和黨籍候選人身分在普選票上勝過賀錦麗，但要說美國開始「右轉」，又或者說美國的左化運動遭到了遏止還是太早。
就以這幾年來因為非法移民問題治安和經濟都急遽惡化的加州和紐約來說，在這次選舉中，即使面對賀錦麗這樣絲毫在治安和經濟問題上提不出任何解方、直到競選的最後一日仍相信靠左派「政確」能夠獲勝的候選人，仍然都讓民主黨淨勝共和黨超過10個百分點──甚至加州賀錦麗的得票率比川普高超過18個百分點。
過去紐約在歷經經濟敗壞的狀況時，曾經選出提出「破窗理論」的共和黨人朱利安尼（Rudy Giuliani，就是在2020年被左派鬥臭的那一位）擔任市長，成功地重振紐約經濟、改善治安問題，甚至被譽為和老羅斯福（Theodore Roosevelt）並肩的優秀紐約市長。但現今的紐約人顯然已經左化到可以無視切身的經濟、治安問題，只是盲目地追求毫無實感的左派「價值」──在治安問題更嚴峻的加州更是如此，這說明左派意識形態在美國某些區域的深化已經逐漸積重難返。未來在這些區域，共和黨人只怕將更難用實際治理成績（這的確是共和黨籍總統一向表現得較好的地方）來取得執政權。
這顯然就是賀錦麗明明已經屈居下風，到最後幾天還猛打覺醒政確的墮胎議題的原因。說真的全美國是有多少女性關心自己能不能「中止懷孕」，說穿了這就是標準的左派標籤敵我進行鬥爭的搞法，重點不是中止懷孕這個議題重不重要，而是左派可以利用你不贊成甚是只是不關心，他們就可以把你貼上「敵人」的標籤把你鬥到死（這可不是誇張，你看中共三反五反文化大革命，就是這樣搞的）。
這種鬥爭法在左派的小圈圈當然天下無敵，只是這些人根本沒發現，在經濟不好、治安敗壞，通膨比天高的情況下，誰在乎你們那些鬥爭技術啊！就算以前在乎，但一次兩次之後，這種情緒勒索的效果還能一直保持下去嗎？
覺醒文化雖然標榜多元化，但實際上這些左派大多是容不下其他聲音的絕對主義者，這讓賀錦麗在整個競選過程根本施展不開，她沒辦法對以阿衝突做出明確表態──因為左派反猶，她沒辦法對非法移民、治安問題提出明確應對方案──因為左派反對私有財產，國家、個人都得要「共產」，不能有「這是我的你不能搶」的自私想法，甚至她連去參加有錢人聚再一起「表現愛心」的餐會都被幕僚阻擋，因為她的左派選民是無神論討厭天主教，而這個餐會和天主教有關（當然不是討厭有錢人，川普參與的這三屆總統選舉，民主黨對手的競選募款金額都比他多得多）。
而左派總是用「政治解釋權」來消弭實績的搞法越來越成功（例如用三人成虎的方式將雷根全面的政績講成「有爭議」──這是左派學者的特技，完全不用談數據，他們講有爭議就是有爭議，頂多加一些「貧富差距加劇」之類的印象說詞，當然也沒有絲毫的證據佐證，反正只要你懷疑就給他貼上希特勒同路人標籤，或是拍《登月先鋒》那種電影去詆毀美國過去的文明建樹），終究會讓認真拚實績的人越來越懷疑努力工作到底為何，更多人相信只要會念左派那些鬼扯就可以取得優越地位，然後社會上寄生蟲越來越多，努力要扛著社會養那些寄生蟲的人越來越少。
更可怕的是特斯拉、SpaceX老闆馬斯克（Elon Musk）在接受網紅羅根（Joe Rogan）專訪時所提，民主黨正在利用非法移民「入侵」搖擺州，打算用此辦法永遠改變這些搖擺州的政治生態版圖，讓美國的所有搖擺州都轉藍。從這次的選舉看來，這個手段確實是有效的，畢竟在民主黨推出賀錦麗這麼「反潮流」的候選人狀況下，川普在這些州幾乎登難以贏超過5個百分點的選票，如果民主黨推出比較強的候選人（稍微強就好，不用多強，例如上屆推出立場比較溫和、沒那麼「左」的拜登），只怕勝負還難以預料。
根據過往的經驗，老布希當選總統讓共和黨創下二戰結束以後首次同一政黨三連入主白宮的紀錄後，民主黨就開始離左改走新中間路線；2020年民主黨為了打敗川普，也讓黨內溫和派、立場比較中間的拜登參加競選；這次民主黨再度敗給川普，能不能讓他們檢討已經太過極端的政治正確、政治覺醒這些基於馬克斯思想的意識形態，重新回到「常理」，說真的在左派那種堅信自己為正確、堅信自己為真理的意識形態之下，要檢討自己錯誤已經是難上加難，承認錯誤並且改正恐怕還要在後面加上10個難字。
不管如何，我們希望這股製造仇恨的歪風能夠退潮（覺醒文化帶出的仇恨，甚至會讓人瘋狂地連古人都不放過，過去的紅衛兵只是要打倒毛主席的敵人而已，這些新時代的共匪，甚至連違反「政治正確」的古人都不允許他們存在歷史上，這就是他們在遊戲搞出黑人日本武士還覺得自己毫無問題的主因），即使不行，起碼能讓政治人物和他們保持距離，讓這些共匪們不能藉由政治權力再度搞出危害人間的種種罪行。
不能再讓這些整天要取消別人、消滅別人、殺光別人（以色列和真主黨衝突爆發的時候，很多左派大學生就在校園發動示威，喊著要殺光猶太人，這不是我們造謠，而是經過美國國會聽證會認證的事實）的仇恨團體，打著多元包容的旗號到處迫害霸凌別人了。
許詠翔觀點：你的言論自由沒有不幫左派背書這一項？
沈旭暉專欄：數據不能反映真實的11大原因─為甚麼民調膠著，但川普勝出呼聲增加？
胡又天專欄：抖音比「奶頭樂」強百倍
"
25,鹽湖城餐會轉交我國對川普正式賀函？ 外交部：沒有評論,https://tw.news.yahoo.com/%E9%B9%BD%E6%B9%96%E5%9F%8E%E9%A4%90%E6%9C%83%E8%BD%89%E4%BA%A4%E6%88%91%E5%9C%8B%E5%B0%8D%E5%B7%9D%E6%99%AE%E6%AD%A3%E5%BC%8F%E8%B3%80%E5%87%BD-%E5%A4%96%E4%BA%A4%E9%83%A8-%E6%B2%92%E6%9C%89%E8%A9%95%E8%AB%96-120742615.html,"不過如何轉致，並無進一步說明，外媒報導稱，在這場私下午餐會上，我方有轉交一封信，且經確認此為我方正式賀函。
外交部對此重申，已請我國駐美國代表處轉致賴清德總統致川普總統當選人的賀函；除祝賀勝選外，也表達期待在台美緊密友好夥伴關係的基礎上，進一步強化與川普政府的合作。至於相關細節，外交部沒有評論。
"
26,風評：川普能拿台積電怎麼辦,https://tw.news.yahoo.com/%E9%A2%A8%E8%A9%95-%E5%B7%9D%E6%99%AE%E8%83%BD%E6%8B%BF%E5%8F%B0%E7%A9%8D%E9%9B%BB%E6%80%8E%E9%BA%BC%E8%BE%A6-000001956.html,"外界的擔憂主要來自川普競選期間的言論；雖然台灣在大選中川普的眼中，「比重甚低」、提到的次數有限，但他提到台灣的部份幾乎沒多少好話，台灣印象最深的就是要台灣「繳保護費」、責台灣「搶走美國晶片生意」。這也是外界普遍對川普上任會對台積電有不利影響的由來。
這種連想不無道理，但確實有點「跳躍」。川普是說「台灣搶走美國晶片生意，若要求我們提供保護，就必須繳交保護費」；他確實是說：「台灣搶了美國的晶片」，但沒有說要台積電（或台灣半導體）要因此事付出代價（保護費）。要繳保護費的是台灣─因為要美國提供保護。
所以用「說文解字」的方式看，川普揚言要收保護費的對象，是整個台灣，而非針對台積電或半導體。而且，所謂的「收保護費」，外界理所當然的認為就是高關稅，但其實保護費的收取方式有不少，不是只有高關稅而已。
例如購買商品，無論是軍事武器、民航客機、農產品等都可算是一樁，台灣不是早就用高貴的價格付費買了不少一直未送達的武器了？華航不是乖巧的在美議員來訪後訂購了波音客機？當然，還有一種就是直接伸手要錢，例如對軍事同盟國家要求增加分擔軍費，當年美國出兵中東時，也曾向多國伸手「化緣」出軍費。
因此，直接就連想為台積電（或台灣半導體出口）要被川普課重稅，是有點「跳躍式思考」。
甚至，即使川普要台灣繳交的保護費，是以高關稅型式為之，也有許多不同的狀況情景，一種情況是川普已經揚言要作的事：對所有進口商品課10-20%關稅。如果是這種情況，其實就沒什麼好多說，既然全球商品進到美國市場都要課此關稅，大家「一視同仁、一體適用」，就沒什麼要對台積電特別分析影響之處，要討論的是對全球經貿與供應鏈、投資等方面的影響。
另一種情況則是：台灣晶片（或是台積電的高階晶片）被特別針對課高關稅，川普是說過反對晶片法補助、認為靠高關稅就能讓外國廠商來美設廠。針對半晶片課高關稅的影響不能說沒有、但對台積電未必就大，而且這個晶片高關稅也是針對所有國家。
一來正常情況下，川普對進口品課高關稅是由美國廠商（及消費者）支付，二來即使拿一般被課高關稅者銷量會減少的衝擊來看，顯然不適用於台積電身上，因為台積電在先進製程晶片的占有率達8-9成（視對先進製程的定義而有不同的數字），既無替代品，無論關稅多少都要買，那就談不上什麼「殺傷力影響」了。
更何況那些美國最大的「無晶圓廠半導體廠商們」（輝達、高通、博通、AMD、等），對台積電的高階製程需求強大，必然不樂見川普對台積電「動手動腳」，因此，那些擔心川普會對台積電以其它方式「出手」的說法，無論是進口禁令、或是干擾美商與台積電的商業往來，都沒多少可能成真，因為那些作法對美國的傷害與影響更大，美商也不可能接受。想想當年川普「命令」美商退出中國市場時，得到的回應如何就知道了。
不過，有2件事台積電註定是要被川普政府「拿捏」住，一個是拜登時代透過晶片法而來的政府補貼，包括66億美元的政府補助與50億美元貸款。因為川普對晶片法大加撻伐，上任後會廢除還是修改法案尚待觀察；此外，原本廠商投資設廠取得的補助，是否會有影響也在未知之數。再來一個是台積電在美國的設廠計劃，也會因川普更強硬的態度與政策而可能要調整。
「川普新政」可能是「惱人」甚至「擾人」，大部份國家、企業都難逃其影響與衝擊，但以台積電的情勢與地位而言，倒也不是能讓人任意拿捏、予取予求。雖然支付代價恐已在所難免，但台積電在技術上的領先與優勢，目前尚看不出會受到太大影響。
想清楚川普到底能拿台積電怎麼辦後，或許就會更清楚「台積電能怎麼辦」了！
「白手套」疑雲震驚業界，台積電下週全面停供中國客戶7奈米AI晶片？公司回應了
台股虎頭蛇尾，全靠台積電撐盤！盤後公布10月營收好消息，台指期直線噴漲
川普會對台灣半導體課稅？學者盤點科技戰3大手段：先進製程恐靠攏美國
"
27,美國禁令升級？傳停止供應中國7奈米先進AI晶片　台積電：不評論,https://tw.news.yahoo.com/%E7%BE%8E%E5%9C%8B%E7%A6%81%E4%BB%A4%E5%8D%87%E7%B4%9A-%E5%82%B3%E5%81%9C%E6%AD%A2%E4%BE%9B%E6%87%89%E4%B8%AD%E5%9C%8B7%E5%A5%88%E7%B1%B3%E5%85%88%E9%80%B2ai%E6%99%B6%E7%89%87-%E5%8F%B0%E7%A9%8D%E9%9B%BB-%E4%B8%8D%E8%A9%95%E8%AB%96-112110423.html,"業界盛傳美國商務部要求台積電全面停止中國7奈米製程客戶的投片計畫，必需經過美國商務部審核發布許可證後，在中國的7奈米以下製程技術才能投片；意味著全面限縮中國7奈米以下先進製程。對此，台積電表示，不評論市場傳聞，強調台積電作為一家守法的公司，一向遵守所有可適用的法令與規範，包括可適用的出口管制法規。
日前華為昇騰910B處理器遭拆解後，被發現使用台積電7奈米製程晶片，疑是華為透過「白手套」向台積電下單，台積電自2020年9月中旬起就不再向華為出貨，在「白手套」風波之後與美國商務部共同制定一套嚴苛的審查制度，全面封鎖中國的先進製程產能。
若美國這項措施屬實，將對中國AI和GPU公司產生巨大打擊，無法再使用台積電的先進技術，對產品性能和市場競爭力都有重大影響。在AI和GPU領域，製程技術的先進程度直接關係到產品的性能，這可能會導致成本增加和產品上市時間延長。
此外，未來供應鏈重組也將隨之而來，中國晶片設計公司可能需要尋找新的晶片代工廠，這可能導致供應鏈的重組，然而中國目前自給自足的先進製程產能還十分有限。
"
28,詹皓晴年終賽4強止步 鄭欽文闖女單決賽成亞洲第二人,https://tw.sports.yahoo.com/news/%E8%A9%B9%E7%9A%93%E6%99%B4%E5%B9%B4%E7%B5%82%E8%B3%BD4%E5%BC%B7%E6%AD%A2%E6%AD%A5-%E9%84%AD%E6%AC%BD%E6%96%87%E9%97%96%E5%A5%B3%E5%96%AE%E6%B1%BA%E8%B3%BD%E6%88%90%E4%BA%9E%E6%B4%B2%E7%AC%AC%E4%BA%8C%E4%BA%BA-000126137.html,"面對兩位溫網大滿貫金盃得主，詹皓晴／庫德梅托娃開賽就戰得辛苦，連遭破發以失常的0：6讓出首局；次盤兩人穩住心情，在落後狀況下連趕3局反差比數，與對手拚戰到搶7，雖然在2：6落後時發揮韌性，但可惜最後仍不敵對手在4強止步。
"
29,萬大中和線估後年完工　「預計2027年通車」,https://tw.news.yahoo.com/%E8%90%AC%E5%A4%A7%E4%B8%AD%E5%92%8C%E7%B7%9A%E4%BC%B0%E5%BE%8C%E5%B9%B4%E5%AE%8C%E5%B7%A5-%E9%A0%90%E8%A8%882027%E5%B9%B4%E9%80%9A%E8%BB%8A-023817800.html,"即時中心／高睿鴻報導
捷運萬大線工程持續推進，蔣萬安今早掛保證，指出通車之後，可更進一步串聯雙北共同生活圈。他表示，從中正紀念堂出發、行經南海路、西藏路、萬大路、到雙和及土城，不只能為市民朋友帶來更便利的交通，也將帶動沿線產業發展。他強調，自己與侯市長、和雙北市民都很期待，希望萬大一期工程，能於2027年完工。
侯友宜表示，萬大中和線在雙北的合作下，今天首先讓列車亮相，一定讓大家非常滿意。他接著說明，萬大線第一期工程全長9.5公里、新北包辦5.7公里，施工過程順利，目前已完成77％進度。他續指，未來會提供19輛列車，長度70米、有108個座位、可搭載700名乘客。侯友宜認為，完工後不僅進一步串聯雙北，之後還能接中和至樹林段，並一直延伸至迴龍地區。
因此侯強調，這條線對新北而言非常重要。他也透露，新北市預計2026年就能將工程圍籬拆除、設定2027年萬大中和線順利通車。
台北市長蔣萬安（左）與新北市長侯友宜（右）一同視察萬大線首班抵台列車。（圖／民視新聞）
另一方面，由於地方建設與財源脫不了關係，近期立法院研議《財政收支劃分法》修法，國民黨盼能擴增地方財源；但朝野黨團卻因此爆發激烈衝突，民進黨警示，藍營修法版本將使中央可用金額吃緊，恐導致財政危機。即便如此，侯友宜、蔣萬安今受訪時，仍堅定表態支持修法。
侯友宜直言說：「財劃法20幾年都沒有修了！」，並接著表示，朝野之間應齊心協力、想辦法突破。他認為，其實大家都有共識想讓財劃法通過，因此我們都期待歷經充分討論後，能更進一步達成合理分配。侯友宜還表示，「先求有再求好」，強調若能成功修法，對地方而言將是重要的建設里程碑。「希望中央與地方共同面對」，他說。
蔣萬安則明確表示，應增加「營利事業營業額分配權重」，呈現地方政府財政努力的指標，這樣的做法對地方政府是公平的。但他也坦言說，財劃法牽涉到中央與地方權責分配、以及各縣市政府水平分配，「牽一髮動全身」。因此蔣萬安希望，立法院能為財劃法修法回歸理性、專業的討論。
"
30,高雄加油站員工「沒說謝謝」！莫名開啟戰鬥邀請...婦女怒嗆：什麼態度,https://tw.news.yahoo.com/%E9%AB%98%E9%9B%84%E5%8A%A0%E6%B2%B9%E7%AB%99%E5%93%A1%E5%B7%A5-%E6%B2%92%E8%AA%AA%E8%AC%9D%E8%AC%9D-%E8%8E%AB%E5%90%8D%E9%96%8B%E5%95%9F%E6%88%B0%E9%AC%A5%E9%82%80%E8%AB%8B-%E5%A9%A6%E5%A5%B3%E6%80%92%E5%97%86-%E4%BB%80%E9%BA%BC%E6%85%8B%E5%BA%A6-034200734.html,"記者簡榮良／高雄報導
▲只因為員工加完油「沒有說謝謝」，莫名開啟戰鬥邀請，婦女因此破口大罵：什麼態度。（圖／翻攝畫面）
這樣也能吵？高雄楠梓區某加油站昨(10）晚9時許，傳出口角糾紛，警方獲報到場處理，才知道起因只是員工加完油「沒有說謝謝」，莫名開啟戰鬥邀請，婦女因此破口大罵：什麼態度，理由讓警方和在場民眾哭笑不得。最後員警將女顧客和她丈夫帶返所，耐心勸說後她情緒才冷靜下來。
▲婦女戰鬥模式一開啟嘴巴停不下來，警方一度被晾在一旁。（圖／翻攝畫面）
警方調查發現，早在加油前兩人就有火藥味，因為40歲莊女因機車未依靠近加油孔側停放，遭33歲員工趙女指正進而引發嫌隙，莊女火氣上來，抓準服務業的最高品質，怒飆員工在加完油沒說「謝謝」，大罵員工「什麼態度」，引起民眾圍觀。
據了解，該女子與丈夫周末聚會結束返家，丈夫喝了點酒，由女子騎車載丈夫回家，途中經過加油站加個油，卻演變成口角糾紛，這樣的結果誰都沒得到好處。警方表示，雙方互不追究責任。
不良行為，請勿模仿！
"
31,SpaceX盼「台灣供應商產線外移」？　經濟部回應了,https://tw.news.yahoo.com/spacex%E7%9B%BC-%E5%8F%B0%E7%81%A3%E4%BE%9B%E6%87%89%E5%95%86%E7%94%A2%E7%B7%9A%E5%A4%96%E7%A7%BB-%E7%B6%93%E6%BF%9F%E9%83%A8%E5%9B%9E%E6%87%89%E4%BA%86-034137206.html,"即時中心／高睿鴻報導
經濟部表示，已與關聯台廠聯繫，業者表示為服務全球供應客戶，配合客制需求進行生產調度已是常態。經濟部指出，我國電子、資通訊產業，長期以來都是全球供應鏈重要的一環，尤其半導體、電子零組件等領域，具有不可或缺之地位。
其中，我國發展完整的46家電子零組件產業（材料元件、PCB、天線元件、纜線、電源供應器等），不僅供應包括衛星通訊服務商SpaceX公司，在目前國際衛星通訊服務朝向結合高、中、低多軌道衛星整合服務發展下，也遍及其他國際衛星、陸地電信營運商、設備商客戶，確保全球多元布局。
除了電子零組件產業仍持續在台灣深耕、研發製造，經濟部自2021年以來，也已透過主題式研發輔導，支持30家系統、零組件業者集結；並成功開發涵蓋家用、車用、船用、航空用，等各類衛星地面設備產品研製能力。同時，還向全球各型態衛星通訊服務、設備商，爭取建立供應鏈合作關係。
經濟部表示，我國產業近年面對美中科技角力、地緣政治、去中化供應鏈局勢，已快速應對，分散在多國、多地生產的全球供應鏈布局，有很好的產能彈性調適能力。整體而言，台灣在衛星地面接收設備，已有自主研發能量；台灣產業製造能量有競爭力，並無外傳生產外移情事。經濟部認為，短期政治因素應不會影響國際衛星商與台灣廠商的供應鏈合作關係。
"
32,指「中共介入中火」　中市環局長被轟出議場,https://tw.news.yahoo.com/%E6%8C%87-%E4%B8%AD%E5%85%B1%E4%BB%8B%E5%85%A5%E4%B8%AD%E7%81%AB-%E4%B8%AD%E5%B8%82%E7%92%B0%E5%B1%80%E9%95%B7%E8%A2%AB%E8%BD%9F%E5%87%BA%E8%AD%B0%E5%A0%B4-034133517.html,"中火以氣換煤二期環評爭議延燒多日，行政院長8日到中火親自與地方溝通，藍綠議員卻爆發推擠，環保局長陳宏益則在7、8日的警消環衛委員會藍營議員質詢時，多次指中火發電量可能變成世界最大，「一定有中共思惟介入台中電廠」、「好像是中共規劃的」、「一定有中共陰謀」。事後綠營議員不滿，痛批陳宏益吃了政治的符水，市長盧秀燕將中火當成政治提款機，陳宏益卻視為官位平安符，不惜誣陷、栽贓經濟部。
民進黨台中市黨團今（11）日開記者會，出示陳宏益在百餘人的環團群組留言，內容為「拜託大家窮追猛打，為什麼2024、2025、2026不願意減煤、減污、減碳排，是台電購煤合約？是怕買不到天然氣？還是很怕最近3年中，南部空氣品質變太好！」「增加了這麼多電廠，為什麼不肯承諾減煤」、「難道就是怕台中、彰化、南投、雲林、嘉義的空氣品質變好」。
市議員陳淑華、陳俞融批評，陳宏益講話越來越離譜，為謀取盧秀燕的政治利益，不僅留言煽動環保團體，還公然說謊，指中火從燃煤升級燃氣是「中共介入規劃」，更說波蘭外賓來台指台灣電力發展與世界反其道而行，台中市政府儼然成為最大謠言製造及散播來源。
市議員王立任質詢時，指中火是1986年蔣經國時代規劃、2000年李登輝時代達到如今規模的8成，通通是國民黨執政，「難道蔣經國政府和中共合作，讓中共摧毀台灣電力嗎？」陳宏益仍堅持中火的未來規劃充滿國安危機，「現在不必飛彈，一個無人機飛過來就可以」，他指出明後年商轉的第一期燃氣機加上民營的中嘉電廠，發電量等於目前的10部燃煤機組，台電有義務清楚交代中火明年、後年要減多少煤。
但王立任不滿陳宏益不正面回答「中火有中共介入」的問題，氣得將他趕出議場。5分鐘後國民黨議員賴義鍠質詢時，陳宏益重返議場。備詢的副市長鄭照新則在林昊佑、黃佳恬質詢時強調，分散電網確實是國策，現在沒人可以阻止中火增加燃氣機組，但減煤期程卻如此模糊，令人憂心，市府的立場簡單且堅定，除了「增一拆一」，目前中央只提出無煤減碳的10年後目標值，市府要求提出逐年減煤的路徑圖，確保空氣品質。
"
33,NBA(影)／咖哩大神柯瑞狂攻36分　勇士擊敗西區龍頭雷霆,https://tw.sports.yahoo.com/news/nba-%E5%BD%B1-%E5%92%96%E5%93%A9%E5%A4%A7%E7%A5%9E%E6%9F%AF%E7%91%9E%E7%8B%82%E6%94%BB36%E5%88%86-%E5%8B%87%E5%A3%AB%E6%93%8A%E6%95%97%E8%A5%BF%E5%8D%80%E9%BE%8D%E9%A0%AD%E9%9B%B7%E9%9C%86-034115823.html,"體育中心／王人瑞報導
前一場慘敗給騎士的勇士，今天面對西區龍頭雷霆，咖哩大神柯瑞（Stephen Curry）飆進7顆三分球，狂砍36分7助攻5籃板，全隊投進21顆三分球，勇士最後以127比116擊敗雷霆，拿下本季第8勝。
前一場遭到騎士痛宰19分的勇士，今天踢館西區龍頭雷霆，勇士們忘掉前一場的陰霾，在客場下起三分雨，勇士前兩節打完就有4人得分上雙，團隊投籃命中率高達50%，三分球26投13中，替補出戰的庫明加（Jonathan Kuminga）把握機會，上半場就拿下14分，雷霆一哥亞歷山大（Shai Gilgeous-Alexander）上半場拿下全隊最高14分，但雷霆外線命中只有33%，無法有效追分，讓勇士帶著65比58的領先優勢進入下半場。
柯瑞在第三節個人狂飆17分。（圖／AP）
第三節勇士進一步擴大領先，團隊單節砍下42分，光是柯瑞（Stephen Curry）就獨得17分，將分差拉開到近30分，教練柯爾（Steve Kerr）一度讓主力球員休息，但雷霆不甘示弱，拒絕將比賽進入垃圾時間，第四節打出一波11比0攻勢，將比分縮小到個位數。
柯瑞第四節表現精彩向雷霆說晚安。（圖／AP）
比賽進入決勝時刻，柯瑞再度挺身而出，在最後3分鐘內投進兩記關鍵三分球，為勇士鎖定勝局，勇士們三分外線表現出色，共投進21記三分球，柯瑞投進7顆三分，攻下36分、5籃板和7助攻，雷霆以SGA的24分5籃板4助攻表現最優，勇士最後就以127比116擊敗雷霆，拿下本季第8勝。
"
34,快訊／台積電楠梓廠區挖出未爆彈　拆彈小組趕赴現場,https://tw.news.yahoo.com/%E5%BF%AB%E8%A8%8A-%E5%8F%B0%E7%A9%8D%E9%9B%BB%E6%A5%A0%E6%A2%93%E5%BB%A0%E5%8D%80%E6%8C%96%E5%87%BA%E6%9C%AA%E7%88%86%E5%BD%88-%E6%8B%86%E5%BD%88%E5%B0%8F%E7%B5%84%E8%B6%95%E8%B5%B4%E7%8F%BE%E5%A0%B4-024604748.html,"今（11）日上午台積電高雄楠梓廠區驚傳挖出未爆彈，對此，軍方也證實確實有發現未爆彈，表示拆彈小組在獲報後已立即趕赴現場。據了解，今年8月26日時，同樣是在楠梓廠區也挖出1顆重1000磅空用彈藥殘體，經軍方確認無安全疑慮，被送往左營彈藥庫待銷毀。至於現場是否有安全疑慮，目前警方已經緊急拉起封鎖線，詳細情形有待後續軍警進行後續說明。
今年8月26日時，有工程人員在台積電楠梓廠房西區工地進行挖掘作業，竟發現1顆重1000磅空用彈藥殘體。當時陸軍第八軍團指揮部人員指出，未爆彈處理小組到場確認為早期1000磅空用炸彈殘體，因年代久遠、外表鏽蝕嚴重且非現役彈藥，無法確認彈藥型號，彈藥沒有安全疑慮，最後送至左營彈藥庫待銷毀。台積電廠區代辦土污工程的高雄市政府工務局表示，已通知警方及軍方處理，順利移除後將持續施工，不影響工程進行。未料時隔4個月不到，楠梓廠區又再度發現未爆彈。
"
35,頎邦科技偽造數據！「化骨水」排放「超標變合格」3名環安員工下場慘了,https://tw.news.yahoo.com/%E9%A0%8E%E9%82%A6%E7%A7%91%E6%8A%80%E5%81%BD%E9%80%A0%E6%95%B8%E6%93%9A-%E5%8C%96%E9%AA%A8%E6%B0%B4-%E6%8E%92%E6%94%BE-%E8%B6%85%E6%A8%99%E8%AE%8A%E5%90%88%E6%A0%BC-3%E5%90%8D%E7%92%B0%E5%AE%89%E5%93%A1%E5%B7%A5%E4%B8%8B%E5%A0%B4%E6%85%98%E4%BA%86-034100458.html,"記者羅欣怡／新竹報導
▲封測頎邦科技環安人員偽造污染數據，遭檢調查獲。（圖／新竹地檢署提供）
新竹人廢毒氣吸了3年？檢調查出面板驅動晶片封測大廠頎邦科技，從2020年2023年3月間，造假、篡改監測數據，涉嫌偽造空氣汙染數據提交給新竹市環保局，今（11日）依法將林姓、葉姓及陳姓3名環安人員提起公訴。
檢方指出，林姓等3名環安人員，明知公司持有新竹科學園區管理局核發之固定汙染源操作許可證，需符合規定的排放標準，包括揮發性有機物總排放量須低於0.6kg／hr、全年削減率須達50％以上及廢氣排放量不得超過550m3／min。
▲頎邦科技3名環安人員涉嫌偽造監測數據上傳。（圖／新竹地檢署提供）
頎邦公司於排放管道安裝VOC自動監測系統，監控排放的有機廢氣濃度、溫度及流量並透過數據計算有機物排放量，依規定定期向新竹市環保局申報空汙數據，以供查核，但林、葉、陳3名環安人員為確保數據表面符合標準，自民國2020年至2023年3月間，聯合造假、篡改監測數據並將不實數據申報至新竹市環保局。
檢調發現，頎邦科技6個排放管道中，2支排放揮發性有機物的管道，經VOC監測系統自動紀錄超出標準值部分的數據，涉案的環安人員卻利用數據模擬功能調整為合法範圍後，將前揭不實數據登載至其邦公司空污季報。
另外4支排放氰化氫、氫氟酸、硫酸和硼酸等清洗晶片廢水的管道，巡檢系統顯示數據超出上限或下限，並以文字或紅字提醒異常，但為避免記錄異常數值，林男指示陳、葉手動將數據調整至正常範圍，並將不實數據上傳後，並登載至其邦公司空污季報。
檢方認林男等被告3人，犯空氣汙染防制法第54條明知不實事項而申報罪嫌提起公訴；頎邦公司因該公司受僱人執行業務而違反空氣汙染防制法第54條罪嫌，依空氣汙染防制法第57條規定，科以該條之罰金。
"
36,國民黨中常委誣指羅淑蕾A賑災款500萬　判刑4月確定入監服刑,https://tw.news.yahoo.com/%E5%9C%8B%E6%B0%91%E9%BB%A8%E4%B8%AD%E5%B8%B8%E5%A7%94%E8%AA%A3%E6%8C%87%E7%BE%85%E6%B7%91%E8%95%BEa%E8%B3%91%E7%81%BD%E6%AC%BE500%E8%90%AC-%E5%88%A4%E5%88%914%E6%9C%88%E7%A2%BA%E5%AE%9A%E5%85%A5%E7%9B%A3%E6%9C%8D%E5%88%91-034000209.html,"記者楊佩琪／台北報導
邱素蘭不僅是國民黨中常委，也是「號記」聯合會計師事務所所長，與曾任台北市會計師公會理事長、會計師全國聯合會理事長的羅淑蕾素有不睦。
2017年間，邱素蘭向檢調具狀告發羅淑蕾任職台北市會計師公會理事長期間，涉嫌侵占500萬元莫拉克風災賑災費及公會募款所得2萬2200元，還有公會要交給時任立委侯彩鳳，用來舉辦賑災園遊會的150萬元支票。涉業務侵占、違反商業會計法、背信等罪。
檢方偵辦後認為，羅淑蕾並未經手500萬元款項及單據，150萬元支票則是透過會計師公會的呂姓理事長交給侯彩鳳，2萬2200元去了哪裡，也有會議紀錄載明，因此邱女指控部分與事實不符，羅淑蕾獲不起訴處分。而邱女有意使羅淑蕾受刑罰，有向公務員誣告的犯行、犯意，因此依法起訴邱女。
一審審理期間，邱女否認誣告，強調確實有看到羅淑蕾把150萬元支票拿給侯彩鳳看一下就收進自己口袋，事後也無核銷單據憑證等，才會認為羅淑蕾帳目不清，有侵占之嫌。至於2萬2200元部分，是律師告發時搞錯了。
不過法官不採信，依誣告罪判處邱女5月有期徒刑，不得易科罰金。案經上訴至高院更一審，法官認為，邱女確實涉誣告犯行，虛耗司法資源，妨害司法正義，判刑4月，不得易科罰金。案經上訴三審，最高法院駁回，全案確定。
"
37,砍人案又是江子翠！他好奇：風水差？　網挖恐怖真相「鄭捷說過」,https://tw.news.yahoo.com/%E7%A0%8D%E4%BA%BA%E6%A1%88%E5%8F%88%E6%98%AF%E6%B1%9F%E5%AD%90%E7%BF%A0-%E4%BB%96%E5%A5%BD%E5%A5%87-%E9%A2%A8%E6%B0%B4%E5%B7%AE-%E7%B6%B2%E6%8C%96%E6%81%90%E6%80%96%E7%9C%9F%E7%9B%B8-%E9%84%AD%E6%8D%B7%E8%AA%AA%E9%81%8E-050428557.html,"台北捷運再次發生持刀攻擊事件，地點就在板南線、板橋新埔站，讓民眾想起10年前鄭捷犯下的隨機殺人案，同樣都在江子翠區間。有網友嚇壞表示，「到底是怎樣，風水很差484？」甚至有人挖出，鄭捷當初就曾說出犯案的關鍵原因，瞬間引起關注。
一名王姓女子昨（8）日在車廂內持美工刀攻擊，導致身旁一名年僅17歲的高中生臉部被割傷，所幸送醫後無大礙；有網友透過PTT挑起話題，提到2014年鄭捷慘案自是不用多言，加上上個月24日才發生的兩名男子因踩到腳演變肢體衝突，如今又一位阿姨拿刀開砍，網友直呼，「好像好幾次大事件都在這個區間發生！」忍不住質疑北捷板南線、江子翠的風水。
面對網友的疑問，釣出不少人為其解答，「紅線應該就沒犯案空間了，藍線站比較少一點，站跟站（距離）又長」、「兩站間隔時間太長了」、「鄭捷說了，萬華到江子翠不開門時間長，逃不出去」、「板南線間隔時間最長的啊」、「你知不知道那段幾分鐘？」
回顧2014年北捷隨機殺人事件，兇手為帶著兩把水果刀、一把瑞士刀上車的21歲男大生鄭捷，他稱行車時間為3分46秒的龍山寺站至江子翠站間為最佳犯案時間，並判斷乘客在這段時間無法脫逃封閉車廂，有助於他進行殺人攻擊。至於王女，事後也向警方供稱，搭車途中她感覺被跟蹤、聽見有人要對她不利，才會拿出預藏的美工刀傷人，警方目前將朝傷害罪偵辦。
《TVBS》提醒您：
◎拒絕暴力 請撥打110
◎反霸凌專線：1953
◎法律扶助基金會：(02)412-8518
"
38,弄丟600萬全網協尋…祭出「2輛保時捷+20萬」禮包　警出手發文者慘了,https://tw.news.yahoo.com/%E5%BC%84%E4%B8%9F600%E8%90%AC%E5%85%A8%E7%B6%B2%E5%8D%94%E5%B0%8B-%E7%A5%AD%E5%87%BA-2%E8%BC%9B%E4%BF%9D%E6%99%82%E6%8D%B7-20%E8%90%AC-%E7%A6%AE%E5%8C%85-125257831.html,"[周刊王CTWANT] 網路上廣告越來越誇張！最近社群平台Threads瘋傳一張照片，有高雄民眾自稱弄丟裝有600萬元的黑色行李袋，請全網幫忙找，還祭出送保時捷和20萬元的謝禮，引發熱烈討論。不過在警方追查後，拆穿是賣車廣告，貼文的業者恐怕因為散布謠言，將依法被開罰。
近日社群平台Threads瘋傳一張協尋行李袋的圖片，內容指出失主在9日晚間6時許，在高雄市苓雅區五塊厝捷運站附近遺失一個黑色行李袋，裡面裝有新台幣600萬元現金，請有經過此路段找到行李袋的人能歸還；失主還表示會將2部保時捷「免費過戶」，另外還有20萬元紅包當酬謝。
這篇全網協尋貼文立刻在網上瘋傳，網友也好奇甚至想起身行動找行李袋。不過高雄苓雅警方很快聯絡到貼文者，一問之下才知道協尋文只是賣車廣告，PO文的業者已經到案說明；警方指出，全案將依違反社會秩序維護法第63條第1項第5款，「散佈謠言，足以影響公共之安寧者」，處3日以下拘留或3萬元以下罰鍰。
針對此事件，苓雅分局也呼籲大眾，業者打廣告用創意吸引消費者注意，仍需留意相關規定，貼文內容影響公共安寧恐觸法，切勿以身試法，避免違法受罰。
原始連結
"
39,父母反悔加134萬聘金　男友付不出無奈提分手…妹子崩潰跳河,https://tw.news.yahoo.com/%E7%88%B6%E6%AF%8D%E5%8F%8D%E6%82%94%E5%8A%A0134%E8%90%AC%E8%81%98%E9%87%91-%E7%94%B7%E5%8F%8B%E4%BB%98%E4%B8%8D%E5%87%BA%E7%84%A1%E5%A5%88%E6%8F%90%E5%88%86%E6%89%8B-%E5%A6%B9%E5%AD%90%E5%B4%A9%E6%BD%B0%E8%B7%B3%E6%B2%B3-070254212.html,"《澎湃新聞》報導，小倩父母10月間突然向小李家提出增加人民幣30萬元（約新台幣134萬元）聘金的要求，給出的說詞是「這是對女兒幸福的保障，也是對男方家庭誠意的考驗」。這一要求超出了小李家的承受能力，幾經商量，女方父母始終不鬆口，無奈之下，小李最終提出分手。
10月31日晚間，小倩鼓起勇氣與父親溝通，結果商量變成了爭吵，雙方不歡而散。半夜時分，小倩母親來到女兒房間，發現人不見了，叫醒丈夫出門找人。半小時後，兩人在連通長江的一條河邊看到了女兒。小倩情緒激動，隨時準備輕生。這時，母親心急如焚，只能不斷在旁安撫，同時讓丈夫報警。
城橋派出所民警趕到現場，了解情況後耐心勸說，但小倩還是轉身跳入了河中。民警見狀，果斷跳河救人，接住同事拋來的救援繩，遊至小倩身邊，使勁將其往岸邊拉。此時，消防隊員趕到，一起將小倩救上岸，所幸人無大礙。第二天，民警和村委幹部一起上門回訪，對小倩父母進行耐心說服引導。
小倩父母當面向小倩表示，不再額外多要聘金，並希望女兒和小李的緣分繼續下去。經過雙方父母的面見，兩家最終談妥親事。11月6日，小倩和小李踏上散心之旅。無獨有偶，10月24日，崇明長興地區也發生一起因高價聘金引發的輕生案件。當天晚上，一名女子打電話報警稱，其因感情問題準備投江。
電話中女子透露的信息不多，長興派出所派出多名民警沿江尋找，最終在一處網紅江堤的下方找到報警女子。當時該女子蹲坐在江水邊，見到民警情緒激動，連聲說「他不要我了，他不要我了」。兩名民警見其要跳進江水，一下子上前將其拉住，並勸上警車，送至派出所具體了解情況。
原來，女子小麗和男友談了兩年戀愛，發現懷有身孕後準備回家提親，誰知父母提出20萬元聘金，之後男方人間蒸發，小麗找不到人，萌生輕生念頭。民警聯繫到男友小汪。他承認自私，讓女友獨自承受困難，並表示先讓小麗一起住在租住處，聘金的事盡快與雙方父母商量。
◎勇敢求救並非弱者，您的痛苦有人願意傾聽，請撥打1995
◎如果您覺得痛苦、似乎沒有出路，您並不孤單，請撥打1925
原始連結
"
40,阿堂鹹粥漲到300元被罵翻！闆娘吐心聲：不是要賺錢,https://tw.news.yahoo.com/%E9%98%BF%E5%A0%82%E9%B9%B9%E7%B2%A5%E6%BC%B2%E5%88%B0300%E5%85%83%E8%A2%AB%E7%BD%B5%E7%BF%BB-%E9%97%86%E5%A8%98%E5%90%90%E5%BF%83%E8%81%B2-%E4%B8%8D%E6%98%AF%E8%A6%81%E8%B3%BA%E9%8C%A2-090526378.html,"生活中心／周希雯報導
老闆娘坦言，虱目魚市場價一片約120、130元，但店內只賣120元，所以是「賣一片虧一片」。（圖／民視新聞資料照）
老闆娘坦言，虱目魚市場價一片約120、130元，但店內只賣120元，所以是「賣一片虧一片」。（圖／民視新聞資料照）
貼文一出掀起熱烈討論，許多網友認同虱目魚確實不便宜，「虱目魚去掉刺很費工，不意外啊」、「虱目魚以前便宜，現在不知道貴什麼意思」、「確實不是便宜的食材」、「阿堂鹹粥適合懂吃的人去吃，你如果不懂就不要吃嘛，不要踩一捧一」。但有另一派人直言，「對商人而言，本來可以賺你一百，只賺五十就是虧本人」、「台灣俗語：商人的嘴，騙人的鬼」、「做生意哪可能去市場買零售」。
當初漲價引發罵聲時，老闆娘則委屈落淚。（圖／民視新聞資料照）
事實上，原PO發文應該是引述去年新聞，當時阿堂鹹粥在連續漲價幾次後，最後乾脆刪除260元魚肚鹹粥，把綜合粥從160元漲到180元，點餐方式改為「180元粥底+120元魚肚或魚皮」形式，等於變相漲價成300元，惹得許多民眾不滿。對此，老闆娘受訪時哽咽說，120元已經是賣一片虧一片，更改點餐方式只是提供更多選擇，本身已經沒在賺錢，都是一直苦撐，就為了守護傳統的味道，「不以營利為目的，希望大家讓我們有機會，把最好的鹹粥呈現給各位。」
"
41,孩子不能偷生！孫儷帶兒女一家四口罕公開亮相　「神基因」震驚全網,https://tw.news.yahoo.com/%E5%AD%A9%E5%AD%90%E4%B8%8D%E8%83%BD%E5%81%B7%E7%94%9F-%E5%AD%AB%E5%84%B7%E5%B8%B6%E5%85%92%E5%A5%B3-%E5%AE%B6%E5%9B%9B%E5%8F%A3%E7%BD%95%E5%85%AC%E9%96%8B%E4%BA%AE%E7%9B%B8-%E7%A5%9E%E5%9F%BA%E5%9B%A0-%E9%9C%87%E9%A9%9A%E5%85%A8%E7%B6%B2-022200638.html,"記者蔡維歆／台北報導
▲孫儷（右起）帶兒女出席鄧超新片首映。(圖／翻攝微博）
大陸女星孫儷和老公鄧超感情一直很甜蜜，育有13歲兒子等等、10歲女兒小花。如今一家四口難得曝光，原來孫儷帶著兒女一起出席鄧超新片《勝券在握》的上海首映會，網友看到忍不住驚呼：「女兒像爸爸，兒子像媽媽，孩子不能偷生啊！」
孫儷鄧超夫妻倆過去很少讓小孩曝光，極度保護兒女隱私的兩人先前還因為代拍者（蹲點拍攝明星的人）」對孩子近距離拍攝，讓平常溫和的孫儷、鄧超夫妻當時忍無可忍，在路上與對方發生口角衝突。
▲孫儷為了小孩跟路人大吵。（圖／翻攝自攝影劉大錘微博）
當時影片曝光後讓網友看了都直呼很生氣，「太過分了！」、「為了保護孩子情緒激動了一點也正常吧」、「明星也是有脾氣的，別以為你是素人就會忍著你」、「代拍別太過份了，孩子隱私也是要保護的」。如今孫儷難得帶小孩公開亮相，網友紛紛有人驚訝兒子已經長好大，身高已要追過165公分的媽媽，女兒則是很有氣質，愈來愈漂亮。
"
42,遭傳接任欣欣百貨董座？高嘉瑜認了「百貨千金真身」網炸鍋,https://tw.news.yahoo.com/%E9%81%AD%E5%82%B3%E6%8E%A5%E4%BB%BB%E6%AC%A3%E6%AC%A3%E7%99%BE%E8%B2%A8%E8%91%A3%E4%BA%8B%E9%95%B7-%E9%AB%98%E5%98%89%E7%91%9C%E6%AD%A3%E9%9D%A2%E5%9B%9E%E6%87%89-%E6%9B%9D%E6%9C%80%E6%96%B0%E5%85%A7%E5%B9%95-%E5%8E%9F%E6%9C%AC-104720769.html,"高嘉瑜面對外界關心，正面回應目前所知狀況。（圖／翻攝自臉書@高嘉瑜）
外界瘋傳高嘉瑜即將接任欣欣百貨董座，對此退輔會透露目前還沒有啟動推薦人選作業，面對關切，高嘉瑜本人則透露，會羧種退輔會的遴選程序，坦言自己目前也不知道目前的規劃，他說明由於明年2月董事長才會卸任，還沒有這麼早要開始緊張。
高嘉瑜笑稱自己家本來就是開百貨行，是貨真價實「百貨千金」。（圖／翻攝自臉書@高嘉瑜）
被問到自己是否有意願接下重責，高嘉瑜期許自己能有發揮自己長才的機會，「無論什麼位置都會全力以赴。」，高嘉瑜提到由於欣欣百貨歷史十分悠久，如果自己有機會能帶來「新氣象」，當然也是好事，更邊笑邊透露自己家本來就是開百貨行，「我家原本就是開百貨行！」，事實上，身為基隆人的高嘉瑜，爸媽在家鄉經營「永欣百貨行」，更自信表示自家百貨也是很好的百貨。
"
43,王定宇傳訊喊「拿超級照片來」！愛打卡露餡　葛斯齊放話：處理你太容易,https://tw.news.yahoo.com/%E7%8E%8B%E5%AE%9A%E5%AE%87%E5%82%B3%E8%A8%8A%E5%96%8A-%E6%8B%BF%E8%B6%85%E7%B4%9A%E7%85%A7%E7%89%87%E4%BE%86-%E6%84%9B%E6%89%93%E5%8D%A1%E9%9C%B2%E9%A4%A1-%E8%91%9B%E6%96%AF%E9%BD%8A%E6%94%BE%E8%A9%B1-%E8%99%95%E7%90%86%E4%BD%A0%E5%A4%AA%E5%AE%B9%E6%98%93-001402654.html,"「11月11號1點11分，王定宇我正式和你開戰，現在是剛暖好身」，葛斯齊在臉書開直播，公開王定宇今（2024）年7月17日的打卡紀錄，首先是曬出台北街景的早安打卡，其次是透露自己人在國會，再來是搭乘高鐵的風景，並寫下「定宇正搭高鐵經過中部往台南奔馳而回」。值得關注的是，王定宇當日晚間還曾傳一句話給神祕女子，「蛤？怎麼我離開台北，妳就到台北，拿超級照片來道歉，快點」。
因王定宇熱愛打卡，葛斯齊說，查證幾乎沒有難度，接著點出那段話的關鍵，王定宇不僅用命令式語氣跟女性說話，還提到可能引起外界揣測的「超級照片」。葛斯齊表示，「你怎麼不尊重女性，怎麼跟人家講話的，怎麼對你老婆的，我再重申一次，今天是你老婆生日，我不是要讓你老婆生氣，但她需要一個真相」。
葛斯齊也批評王定宇，「王定宇先生你很over，你是非常over的立委」，強調要是繼續查證下去，恐怕真相會令人震驚，然而目前還有很多話憋在心裡，沒有說出來會很痛苦。葛斯齊最後喊話，「王定宇立法委員，你有沒有傳過一些，很『特別』的東西給這個對話紀錄的人，我真的覺得處理你太容易了，完全沒有技術含量」。
"
44,北捷砍人女背景被挖「碩士畢業北漂」　工作都做不久…最短僅1周,https://tw.news.yahoo.com/%E5%8C%97%E6%8D%B7%E7%A0%8D%E4%BA%BA%E5%A5%B3%E8%83%8C%E6%99%AF%E8%A2%AB%E6%8C%96-%E7%A2%A9%E5%A3%AB%E7%95%A2%E6%A5%AD%E5%8C%97%E6%BC%82-%E5%B7%A5%E4%BD%9C%E9%83%BD%E5%81%9A%E4%B8%8D%E4%B9%85-%E6%9C%80%E7%9F%AD%E5%83%851%E5%91%A8-122631789.html,"[周刊王CTWANT] 台北捷運昨（8日）發生隨機攻擊案，鄭姓高中生晚間搭捷運時，被42歲王姓女子持美工刀劃傷，所幸其他民眾出面制止，送醫治療後沒有大礙。事後王女的背景也遭起底，擁有碩士學歷，專門研究佛學，當天剛向公司提離職，豈料回家途中竟行兇犯案，被依殺人未遂罪送辦。
王女為南部人、獨居未婚，居住在板橋府中商圈，碩士畢業後北漂工作，疑似情緒不穩導致工作不順，雖然曾在多家科技公司上班，也曾在生技公司任職，但都做不久。今年透過人力派遣公司，在台北市一家3C商品店擔任理貨員，因此會隨身攜帶美工刀，但僅任職2個月就被辭退，而上一份在生技公司的工作，更是只做了1個禮拜。
8日是王女最後一天上班，她向警方供稱，當天離職後在善導寺周邊閒晃，想找新工作，結束才搭捷運回家，期間她和鄭生對到眼，認為對方在訕笑自己，於是出手攻擊，所幸車上有警察和其他熱心民眾，才沒有讓事情變嚴重。
王女表示，她和家人沒有聯繫，要求申請法扶律師幫忙辯護，被逮的時候聲稱耳邊出現幻聽，但並未持有精神障礙手冊，經醫師鑑定後強制送醫治療。原本依傷害罪現行犯送辦，但後續改以殺人未遂罪偵辦。
原始連結
"
45,李多慧遭跟蹤1.5hr淚灑警局　鬼祟綠衣男竟是女性！警方說話了,https://tw.news.yahoo.com/%E6%9D%8E%E5%A4%9A%E6%85%A7%E9%81%AD%E8%B7%9F%E8%B9%A41-5hr%E6%B7%9A%E7%81%91%E8%AD%A6%E5%B1%80-%E9%AC%BC%E7%A5%9F%E7%B6%A0%E8%A1%A3%E7%94%B7%E7%AB%9F%E6%98%AF%E5%A5%B3%E6%80%A7-%E8%AD%A6%E6%96%B9%E8%AA%AA%E8%A9%B1%E4%BA%86-154600777.html,"社會中心／程正邦報導
▲10日下午李多慧現身新北市政府警察局婦幼警察隊，在經紀人陪同下報案。（圖／記者鄭孟晃攝影）
李多慧昨天傍晚返回新北市三重的住處後，在臉書發文「我真的好害怕，也好累。現在才回到家。」她透露環島5天、每天騎車超過10小時，身體很疲累，好不容易回到台北了，準備要回家休息，卻發現一有台白色車子沿路跟拍，「導致我們團隊沒有辦法直接回家」。
▲李多慧（右）騎車環島回家，一路遭不明白車尾隨跟拍。 (圖／翻攝李多慧臉書)
李多慧無奈表示，「雖然我是公眾人物，但我也有需要休息的時候，這樣的行為，已經侵犯到團隊的隱私與生活了。雖然我真的很喜歡在台灣工作、在台灣遇到的一切與收穫，但是我想也許我該考慮搬家，我需要一個真正能休息的地方。」
▲李多慧被嚇到蹲在超商門口不趕回家。 (圖／翻攝李多慧臉書)
今天下午李多慧在經紀人陪同下到新北市警察局婦幼警察隊報案，她接受媒體聯訪時清緒崩潰大哭：「台灣是我第二個故鄉，非常愛台灣。」但這次環島後發現有人跟蹤，讓她很害怕，她可能打算要搬家了，她也不想再來警察局，不想再發生這種事情。
▲警方查出跟拍李多慧綠衣男，其實是中性打扮的女生。 (圖／翻攝李多慧臉書)
新北市婦幼警察隊隊長劉家次及三重警分局偵查隊副隊長李祐安表示，已鎖定行為人，會根據筆錄內容將行為人查緝到案，也會加強當事人住家周邊的巡邏。
據了解，涉及跟蹤李多慧的是一男一女，男的負責開車，女的下車貼跟，由於穿綠色上衣的女狗仔打扮中性，被李多慧誤認成男生尾隨，而且整個過程約1個半小時，嚇得她不敢回家。對於傳出涉案的是某媒體狗仔隊，警方不願證實，僅表示全案依《跟騷法》偵辦，將通知租車人盡速到案說明，若無正當理由會開立書面告誡，詢後也會將行為人移送檢方偵辦。
更多影音：
"
